[17:49:05] [MetadataWarmup] ⏭️ schema v9 already warmed — sweep skipped
[17:49:05] [PlayerState] 📊 track='' pid='' dur=0.0 changed=true curPID='nil'
[17:49:07] [QueuePreload] fetchUpNextViaBridge outcome=noCurrentTrack didChange=false currentTrack='Not Playing' tracks=[]
[17:49:07] [Timing] 🔴 POLL DELAY: queueWait=0ms sbRead=134.5ms pos=0.00
[17:49:11] [QueuePreload] fetchUpNextViaBridge outcome=noCurrentTrack didChange=false currentTrack='Not Playing' tracks=[]
[17:49:13] [QueuePreload] fetchUpNextViaBridge outcome=noCurrentTrack didChange=false currentTrack='Not Playing' tracks=[]
[17:49:21] [QueuePreload] queueMayHaveChanged notification=com.apple.Music.playerInfo
[17:49:21] [Poll] 🔄 Track check via AppleScript — reason: radio backstop (1s)
[17:49:21] [Artwork] 🎵 Track changed: Supernatural - NewJeans
[17:49:21] [Artwork] 🎨 fetchArtwork: Supernatural - NewJeans gen=1
[17:49:21] [Artwork] 🎨 Metadata disk cache HIT (meta:supernatural|newjeans|supernatural - single)
[17:49:21] [LyricsService] 🚀 fetchLyrics START: 'Supernatural' by 'NewJeans' dur=191.0 album='Supernatural - Single' (forceRefresh=false, curSongID='nil', curDur=0.0, curAlbum='')
[17:49:21] [LyricsService] 🔄 Starting async lyrics fetch...
[17:49:21] [LyricsFetch] fetchAllSources caller=foreground songID='supernatural|newjeans|supernatural single|191' album='Supernatural - Single' dur=191.0
[17:49:21] [LyricsFetcher.swift:668] 🚀 fetchAllSources START: 'Supernatural' by 'NewJeans' (191s) album='Supernatural - Single'
[17:49:21] [AMLL] 🔍 请求: 'Supernatural' by 'NewJeans' (191s)
[17:49:21] [LRCLIB] 🔍 /get 'Supernatural' by 'NewJeans' (191s)
[17:49:21] [NetEase] 🔍 搜索: 'Supernatural' by 'NewJeans' (191s) album='Supernatural - Single'
[17:49:21] [QQMusic] 🔍 搜索: 'Supernatural' by 'NewJeans' (191s) album='Supernatural - Single'
[17:49:21] [LRCLIB] 🔍 /search 'Supernatural' by 'NewJeans' (191s)
[17:49:21] [NetEase] 🔑 关键词: ["supernatural NewJeans", "supernatural supernatural   single", "supernatural supernatural   single NewJeans", "supernatural   single NewJeans", "NewJeans"]
[17:49:21] [NetEase] 🔎 title+artist: 'supernatural NewJeans'
[17:49:21] [QQMusic] 🔑 关键词: ["supernatural NewJeans", "supernatural supernatural   single", "supernatural supernatural   single NewJeans", "supernatural   single NewJeans", "NewJeans", "supernatural"]
[17:49:21] [QQMusic] 🔎 title+artist: 'supernatural NewJeans'
[17:49:21] [QueuePreload] checkQueueHashAndRefresh reason=notification:com.apple.Music.playerInfo
[17:49:21] [LyricsFetcher.swift:1335] ✅ LRCLIB: score=67.7, lines=36, albumMatch=false
[17:49:21] [LyricsFetcher.swift:1335] ✅ LRCLIB-Search: score=66.7, lines=36, albumMatch=false
[17:49:22] [NetEase] 📦 title+artist: 20 个候选
[17:49:22] [NetEase] 🎯 候选: 'SuperNatural' by 'NewJeans / DanielleMarsh' alb='Super Natural' q='title+artist' T=true A=true AL=true L=12 Δ0.0s, 'Supernatural' by '春野' alb='AD:HOUSE 12' q='title+artist' T=true A=true AL=false L=12 Δ0.5s, 'Supernatural' by 'noli' alb='NJZ - cover' q='title+artist' T=true A=false AL=false L=12 Δ1.8s, '【AI aespa】Supernatural' by '俄罗斯就好小号' alb='' q='title+artist' T=true A=false AL=false L=22 Δ2.0s, 'Supernatural' by '全网找歌君' alb='Supernatural' q='title+artist' T=true A=true AL=true L=12 Δ3.8s
[17:49:22] [NetEase] ✅ P1: 'SuperNatural' by 'NewJeans / DanielleMarsh' alb='Super Natural' q='title+artist' AL=true L=12 Δ0.0s
[17:49:22] [NetEase] ⚡ Preflight exact match via 'title+artist' (albumMatch=true, Δ0.0s)
[17:49:22] [NetEase] ✅ 找到 songId=3314634768 albumMatch=true
[17:49:22] [NetEase] 🔗 CJK artist resolve: 'NewJeans' → ["NewJeans音樂作品列表"]
[17:49:22] [NetEase] ⚠️ Primary lyrics look like a line-timed album match with possible word-level sibling (score=58.1) — probing sibling catalog rows
[17:49:22] [LyricsFetcher.swift:1335] ✅ Genius: score=28.5, lines=25, albumMatch=false
[17:49:22] [QQMusic] 📦 title+artist: 20 个候选
[17:49:22] [AppleMusic] ❌ developer token unavailable — source disabled for this process
[17:49:22] [QQMusic] 🎯 候选: 'Supernatural' by 'NewJeans' alb='Supernatural' q='title+artist' T=true A=true AL=true L=12 Δ0.0s, 'Supernatural' by 'NewJeans' alb='Supernatural' q='title+artist' T=true A=true AL=true L=12 Δ0.0s, 'Supernatural (Winter ver.)' by 'Newjeans' alb='' q='title+artist' T=true A=true AL=false L=26 Δ3.0s, 'Ditto' by 'NewJeans' alb='NewJeans 'OMG'' q='title+artist' T=false A=true AL=false L=5 Δ6.0s, 'Bubble Gum' by 'NewJeans' alb='How Sweet' q='title+artist' T=false A=true AL=false L=10 Δ9.0s
[17:49:22] [QQMusic] ✅ P1: 'Supernatural' by 'NewJeans' alb='Supernatural' q='title+artist' AL=true L=12 Δ0.0s
[17:49:22] [QQMusic] ⚡ Preflight exact match via 'title+artist' (albumMatch=true, Δ0.0s)
[17:49:22] [QQMusic] ✅ 找到 songMid=003kva882toU7E albumMatch=true
[17:49:22] [LyricsFetcher.swift:1335] ✅ lyrics.ovh: score=28.0, lines=43, albumMatch=false
[17:49:22] [LyricsFetcher.swift:1335] ✅ QQ: score=72.6, lines=47, albumMatch=true
[17:49:22] [LyricsFetcher.swift:1335] ✅ NetEase: score=58.1, lines=29, albumMatch=true
[17:49:22] [AMLL] ❌ 未命中: 索引无匹配候选 [1142ms]
[17:49:22] [QueuePreload] queueMayHaveChanged notification=com.apple.Music.playerInfo
[17:49:22] [Timing] ⏸ VELOCITY PAUSE: polled=0.12 expected=1.21 deficit=1.09s — inferring pause
[17:49:22] [Timing] 📐 DRIFT CORRECTION: drift=-1.09s polled=0.12 interpolated=1.21
[17:49:23] [PageSwitch] t=137644.20832137502 arm=split from=album to=lyrics geometry=0.14 contentLag=0.04 material=0.31
[17:49:23] [LyricsService] ⏭️ Skipping duplicate fetch: 'supernatural|newjeans|supernatural single|191' (currentSongID='supernatural|newjeans|supernatural single|191')
[17:49:23] [LyricsView] 🈺 translation config update gen=1
[17:49:23] [QueuePreload] checkQueueHashAndRefresh reason=notification:com.apple.Music.playerInfo
[17:49:23] [Timing] 📐 DRIFT CORRECTION: drift=+0.54s polled=0.66 interpolated=0.12
[17:49:23] [Playback] ⚠️ Apple Music recent tracks failed: Failed to request developer token
[17:49:23] [Playback] 🔍 [getUpNextTracksFromApp] outcome=noCurrentPlaylist playlistName=nil kind= trackCount=0
[17:49:23] [QueuePreload] fetchUpNextViaBridge outcome=noCurrentPlaylist didChange=false currentTrack='Supernatural' tracks=[]
[17:49:23] [QueuePreload] fetchRecentHistoryViaScriptingBridge didChange=false currentTrack='Supernatural' tracks=[]
[17:49:24] [LyricsFetcher.swift:1649] ⏱️ Time budget (2.3s) → 6 results
[17:49:24] [LyricsFetcher.swift:1670] 🏁 fetchAllSources: 6 results in 2.3s (branch3=false)
[17:49:24] [LyricsResultSelection.swift:134] 🔬 selectBestResult: 6 results, 4 synced (LRCLIB:synced/67,LRCLIB-Search:synced/66,Genius:unsynced/28,lyrics.ovh:unsynced/28,QQ:synced/72,NetEase:synced/58)
[17:49:24] [LyricsResultSelection.swift:783] 🏆 Human-curated source preferred: QQ (72.6) over library fallback LRCLIB (67.7)
[17:49:24] [LyricsResultSelection.swift:879] 🏆 Final selection: QQ (score=72.6, kind=synced)
[17:49:24] [LyricsFetcher.swift:1707] ⏭️ fetchAllSources cancelled before result normalization
[17:49:24] [LyricsFetcher.swift:618] ⚡ apply-on-select: verdict at 2.363s, delivered at 2.363s
[17:49:24] [LyricsResultSelection.swift:134] 🔬 selectBestResult: 6 results, 4 synced (QQ:synced/72,LRCLIB:synced/67,LRCLIB-Search:synced/66,NetEase:synced/58,Genius:unsynced/28,lyrics.ovh:unsynced/28)
[17:49:24] [LyricsResultSelection.swift:879] 🏆 Final selection: QQ (score=72.6, kind=synced)
[17:49:24] [LyricsService] 📦 Cached: 'supernatural|newjeans|supernatural single|191' (48 lines, unsynced=false)
[17:49:24] [LyricsService] 📋 Applied: 'supernatural|newjeans|supernatural single|191' 48L, firstReal="Stormy night", unsynced=false
[17:49:24] [LyricsFetcher.swift:1990] 🧭 Authoritative lyrics backfill START: 'Supernatural' by 'NewJeans'
[17:49:24] [LRCLIB] 🔍 /get 'Supernatural' by 'NewJeans' (191s)
[17:49:24] [NetEase] 🔍 搜索: 'Supernatural' by 'NewJeans' (191s) album='Supernatural - Single'
[17:49:24] [QQMusic] 🔍 搜索: 'Supernatural' by 'NewJeans' (191s) album='Supernatural - Single'
[17:49:24] [LRCLIB] 🔍 /search 'Supernatural' by 'NewJeans' (191s)
[17:49:24] [AMLL] 🔍 请求: 'Supernatural' by 'NewJeans' (191s)
[17:49:24] [MetadataResolver] ⏭️ English-title gate: skipping CN/localized speculative waves for 'Supernatural' by 'NewJeans'
[17:49:24] [NetEase] 🔑 关键词: ["supernatural NewJeans", "supernatural supernatural   single", "supernatural supernatural   single NewJeans", "supernatural   single NewJeans", "NewJeans"]
[17:49:24] [QQMusic] 🔑 关键词: ["supernatural NewJeans", "supernatural supernatural   single", "supernatural supernatural   single NewJeans", "supernatural   single NewJeans", "NewJeans", "supernatural"]
[17:49:24] [NetEase] 🔎 title+artist: 'supernatural NewJeans'
[17:49:24] [QQMusic] 🔎 title+artist: 'supernatural NewJeans'
[17:49:24] [AMLL] ❌ 未命中: 索引无匹配候选 [71ms]
[17:49:24] [LyricsService.swift:2649] 🔄 Starting translation: 47/48 lines
[17:49:24] [NetEase] 📦 title+artist: 20 个候选
[17:49:24] [NetEase] 🎯 候选: 'SuperNatural' by 'NewJeans / DanielleMarsh' alb='Super Natural' q='title+artist' T=true A=true AL=true L=12 Δ0.0s, 'Supernatural' by '春野' alb='AD:HOUSE 12' q='title+artist' T=true A=true AL=false L=12 Δ0.5s, 'Supernatural' by 'noli' alb='NJZ - cover' q='title+artist' T=true A=false AL=false L=12 Δ1.8s, '【AI aespa】Supernatural' by '俄罗斯就好小号' alb='' q='title+artist' T=true A=false AL=false L=22 Δ2.0s, 'Supernatural' by '全网找歌君' alb='Supernatural' q='title+artist' T=true A=true AL=true L=12 Δ3.8s
[17:49:24] [NetEase] ✅ P1: 'SuperNatural' by 'NewJeans / DanielleMarsh' alb='Super Natural' q='title+artist' AL=true L=12 Δ0.0s
[17:49:24] [NetEase] ⚡ Preflight exact match via 'title+artist' (albumMatch=true, Δ0.0s)
[17:49:24] [NetEase] ✅ 找到 songId=3314634768 albumMatch=true
[17:49:24] [NetEase] ⚠️ Primary lyrics look like a line-timed album match with possible word-level sibling (score=58.1) — probing sibling catalog rows
[17:49:24] [QQMusic] 📦 title+artist: 20 个候选
[17:49:24] [QQMusic] 🎯 候选: 'Supernatural' by 'NewJeans' alb='Supernatural' q='title+artist' T=true A=true AL=true L=12 Δ0.0s, 'Supernatural' by 'NewJeans' alb='Supernatural' q='title+artist' T=true A=true AL=true L=12 Δ0.0s, 'Supernatural (Winter ver.)' by 'Newjeans' alb='' q='title+artist' T=true A=true AL=false L=26 Δ3.0s, 'Ditto' by 'NewJeans' alb='NewJeans 'OMG'' q='title+artist' T=false A=true AL=false L=5 Δ6.0s, 'Bubble Gum' by 'NewJeans' alb='How Sweet' q='title+artist' T=false A=true AL=false L=10 Δ9.0s
[17:49:24] [QQMusic] ✅ P1: 'Supernatural' by 'NewJeans' alb='Supernatural' q='title+artist' AL=true L=12 Δ0.0s
[17:49:24] [QQMusic] ⚡ Preflight exact match via 'title+artist' (albumMatch=true, Δ0.0s)
[17:49:24] [QQMusic] ✅ 找到 songMid=003kva882toU7E albumMatch=true
[17:49:25] [LyricsResultSelection.swift:134] 🔬 selectBestResult: 4 results, 4 synced (LRCLIB:synced/67,LRCLIB-Search:synced/66,QQ:synced/72,NetEase:synced/58)
[17:49:25] [LyricsResultSelection.swift:783] 🏆 Human-curated source preferred: QQ (72.6) over library fallback LRCLIB (67.7)
[17:49:25] [LyricsResultSelection.swift:879] 🏆 Final selection: QQ (score=72.6, kind=synced)
[17:49:25] [LyricsFetcher.swift:2257] 🧭 Authoritative lyrics backfill HIT: QQ 47L in 1.3s
[17:49:25] [LyricsService] 📦 Cached: 'supernatural|newjeans|supernatural single|191' (48 lines, unsynced=false)
[17:49:25] [LyricsService] 🧊 Display frozen for 'supernatural|newjeans|supernatural single|191' — cached the result but not replacing shown lyrics (P1, not an upgrade)
[17:49:26] [LyricsService.swift:2649] ✅ Translation completed: 47 lines
[17:49:27] [Poll] 🔄 Track check via AppleScript — reason: identity heartbeat (5s)
[17:49:33] [Poll] 🔄 Track check via AppleScript — reason: identity heartbeat (5s)
[17:49:35] [QueuePreload] checkQueueHashAndRefresh reason=timer:30s
[17:49:35] [PlayerState] 📊 track='Supernatural' pid='8CC068DEC50C3BA9' dur=190.999 changed=false curPID='8CC068DEC50C3BA9'
[17:49:39] [Poll] 🔄 Track check via AppleScript — reason: identity heartbeat (5s)
[17:49:45] [Poll] 🔄 Track check via AppleScript — reason: identity heartbeat (5s)
[17:49:50] [ActiveBrightness] idx=1 rowOp=1.000 bright=0.000 dimTier=0.35 eff=0.000 deferred=- occluded=0 loop=1 sinceUnoccluded=-
[17:49:50] [LineGaps] idx=1 anchor=42.0 rows=[0:y=-8.8 h=43.7 s=0.95 g=7.2 b=0.5][1:y=42.0 h=71.0 s=1.00 g=7.8 b=0.0][2:y=120.8 h=67.5 s=0.95 g=10.2 b=0.5][3:y=198.5 h=94.0 s=0.95 g=10.9 b=1.5][4:y=303.4 h=94.0 s=0.95 g=- b=2.0]
[17:49:51] [Poll] 🔄 Track check via AppleScript — reason: identity heartbeat (5s)
[17:49:52] [ActiveBrightness] idx=2 rowOp=1.000 bright=0.000 dimTier=0.35 eff=0.000 deferred=- occluded=0 loop=1 sinceUnoccluded=-
[17:49:52] [LineGaps] idx=2 anchor=42.0 rows=[0:y=-85.8 h=43.7 s=0.95 g=8.9 b=1.5][1:y=-33.2 h=67.5 s=0.95 g=7.8 b=0.5][2:y=42.0 h=71.0 s=1.00 g=8.5 b=0.0][3:y=121.5 h=94.0 s=0.95 g=10.9 b=0.5][4:y=226.4 h=94.0 s=0.95 g=10.8 b=1.5][5:y=331.3 h=91.2 s=0.95 g=- b=2.0]
[17:49:53] [ActiveBrightness] idx=3 rowOp=0.999 bright=0.000 dimTier=0.35 eff=0.000 deferred=- occluded=0 loop=1 sinceUnoccluded=-
[17:49:53] [LineGaps] idx=3 anchor=42.0 rows=[1:y=-110.2 h=67.5 s=0.95 g=9.5 b=1.5][2:y=-33.2 h=67.5 s=0.95 g=7.8 b=0.5][3:y=42.0 h=99.0 s=1.00 g=8.4 b=0.0][4:y=149.4 h=94.0 s=0.95 g=10.8 b=0.5][5:y=254.3 h=91.2 s=0.95 g=10.1 b=1.5][6:y=355.6 h=67.5 s=0.95 g=- b=2.0]
[17:49:57] [Poll] 🔄 Track check via AppleScript — reason: identity heartbeat (5s)
[17:50:03] [Poll] 🔄 Track check via AppleScript — reason: identity heartbeat (5s)
[17:50:04] [ActiveBrightness] idx=6 rowOp=0.999 bright=0.000 dimTier=0.35 eff=0.000 deferred=- occluded=0 loop=1 sinceUnoccluded=-
[17:50:04] [LineGaps] idx=6 anchor=42.0 rows=[4:y=-162.5 h=94.0 s=0.95 g=10.9 b=1.5][5:y=-57.6 h=91.2 s=0.95 g=8.4 b=0.5][6:y=42.0 h=71.0 s=1.00 g=8.4 b=0.0][7:y=121.4 h=94.0 s=0.95 g=10.2 b=0.5][8:y=225.6 h=67.5 s=0.95 g=9.4 b=1.5][9:y=302.5 h=67.5 s=0.95 g=- b=2.0]
[17:50:05] [QueuePreload] checkQueueHashAndRefresh reason=timer:30s
[17:50:05] [PlayerState] 📊 track='Supernatural' pid='8CC068DEC50C3BA9' dur=190.999 changed=false curPID='8CC068DEC50C3BA9'
[17:50:09] [Poll] 🔄 Track check via AppleScript — reason: identity heartbeat (5s)
[17:50:15] [Poll] 🔄 Track check via AppleScript — reason: identity heartbeat (5s)
[17:50:16] [ActiveBrightness] idx=9 rowOp=0.999 bright=0.000 dimTier=0.35 eff=0.000 deferred=- occluded=0 loop=1 sinceUnoccluded=-
[17:50:16] [LineGaps] idx=9 anchor=42.0 rows=[7:y=-137.5 h=94.0 s=0.95 g=10.3 b=1.5][8:y=-33.2 h=67.5 s=0.95 g=7.8 b=0.5][9:y=42.0 h=71.0 s=1.00 g=8.4 b=0.0][10:y=121.4 h=94.0 s=0.95 g=10.9 b=0.5][11:y=226.4 h=94.0 s=0.95 g=10.2 b=1.5][12:y=330.6 h=67.5 s=0.95 g=- b=2.0]
[17:50:20] [ActiveBrightness] idx=10 rowOp=0.999 bright=0.000 dimTier=0.35 eff=0.000 deferred=- occluded=0 loop=1 sinceUnoccluded=-
[17:50:20] [LineGaps] idx=10 anchor=42.0 rows=[8:y=-110.2 h=67.5 s=0.95 g=9.5 b=1.5][9:y=-33.2 h=67.5 s=0.95 g=7.8 b=0.5][10:y=42.0 h=99.0 s=1.00 g=8.4 b=0.0][11:y=149.4 h=94.0 s=0.95 g=10.2 b=0.5][12:y=253.7 h=67.5 s=0.95 g=9.5 b=1.5][13:y=330.6 h=67.5 s=0.95 g=- b=2.0]
[17:50:21] [Poll] 🔄 Track check via AppleScript — reason: identity heartbeat (5s)
[17:50:27] [Poll] 🔄 Track check via AppleScript — reason: identity heartbeat (5s)
[17:50:30] [ActiveBrightness] idx=13 rowOp=0.999 bright=0.000 dimTier=0.35 eff=0.000 deferred=- occluded=0 loop=1 sinceUnoccluded=-
[17:50:30] [LineGaps] idx=13 anchor=42.0 rows=[11:y=-137.5 h=94.0 s=0.95 g=10.3 b=1.5][12:y=-33.2 h=67.5 s=0.95 g=7.8 b=0.5][13:y=42.0 h=71.0 s=1.00 g=8.4 b=0.0][14:y=121.4 h=94.0 s=0.95 g=10.2 b=0.5][15:y=225.7 h=67.5 s=0.95 g=9.4 b=1.5][16:y=302.6 h=67.5 s=0.95 g=- b=2.0]
[17:50:33] [Poll] 🔄 Track check via AppleScript — reason: identity heartbeat (5s)
[17:50:34] [ActiveBrightness] idx=14 rowOp=0.999 bright=0.000 dimTier=0.35 eff=0.000 deferred=- occluded=0 loop=1 sinceUnoccluded=-
[17:50:34] [LineGaps] idx=14 anchor=42.0 rows=[12:y=-110.2 h=67.5 s=0.95 g=9.5 b=1.5][13:y=-33.2 h=67.5 s=0.95 g=7.8 b=0.5][14:y=42.0 h=99.0 s=1.00 g=7.7 b=0.0][15:y=148.7 h=67.5 s=0.95 g=9.5 b=0.5][16:y=225.7 h=67.5 s=0.95 g=9.5 b=1.5][17:y=302.6 h=67.5 s=0.95 g=- b=2.0]
[17:50:35] [QueuePreload] checkQueueHashAndRefresh reason=timer:30s
[17:50:35] [PlayerState] 📊 track='Supernatural' pid='8CC068DEC50C3BA9' dur=190.999 changed=false curPID='8CC068DEC50C3BA9'
[17:50:39] [Poll] 🔄 Track check via AppleScript — reason: identity heartbeat (5s)
[17:50:40] [ActiveBrightness] idx=16 rowOp=0.999 bright=0.000 dimTier=0.35 eff=0.000 deferred=- occluded=0 loop=1 sinceUnoccluded=-
[17:50:40] [LineGaps] idx=16 anchor=42.0 rows=[14:y=-137.5 h=94.0 s=0.95 g=10.3 b=1.5][15:y=-33.2 h=67.5 s=0.95 g=7.8 b=0.5][16:y=42.0 h=71.0 s=1.00 g=7.7 b=0.0][17:y=120.7 h=67.5 s=0.95 g=9.5 b=0.5][18:y=197.7 h=67.5 s=0.95 g=10.1 b=1.5][19:y=275.3 h=94.0 s=0.95 g=- b=2.0]
[17:50:45] [Poll] 🔄 Track check via AppleScript — reason: identity heartbeat (5s)
[17:50:51] [Poll] 🔄 Track check via AppleScript — reason: identity heartbeat (5s)
[17:50:51] [ActiveBrightness] idx=20 rowOp=0.999 bright=0.000 dimTier=0.35 eff=0.000 deferred=- occluded=0 loop=1 sinceUnoccluded=-
[17:50:51] [LineGaps] idx=20 anchor=42.0 rows=[18:y=-138.2 h=67.5 s=0.95 g=10.2 b=1.5][19:y=-60.5 h=94.0 s=0.95 g=8.5 b=0.5][20:y=42.0 h=71.0 s=1.00 g=7.7 b=0.0][21:y=120.7 h=67.5 s=0.95 g=9.5 b=0.5][22:y=197.6 h=67.5 s=0.95 g=9.4 b=1.5][23:y=274.4 h=67.5 s=0.95 g=- b=2.0]
[17:50:53] [ActiveBrightness] idx=21 rowOp=1.000 bright=0.000 dimTier=0.35 eff=0.000 deferred=- occluded=0 loop=1 sinceUnoccluded=-
[17:50:53] [LineGaps] idx=21 anchor=42.0 rows=[19:y=-137.5 h=94.0 s=0.95 g=10.3 b=1.5][20:y=-33.2 h=67.5 s=0.95 g=7.8 b=0.5][21:y=42.0 h=71.0 s=1.00 g=7.8 b=0.0][22:y=120.8 h=67.5 s=0.95 g=9.5 b=0.5][23:y=197.7 h=67.5 s=0.95 g=10.2 b=1.5][24:y=275.4 h=94.0 s=0.95 g=- b=2.0]
[17:50:55] [ActiveBrightness] idx=22 rowOp=0.999 bright=0.000 dimTier=0.35 eff=0.000 deferred=- occluded=0 loop=1 sinceUnoccluded=-
[17:50:55] [LineGaps] idx=22 anchor=42.0 rows=[20:y=-110.2 h=67.5 s=0.95 g=9.5 b=1.5][21:y=-33.2 h=67.5 s=0.95 g=7.8 b=0.5][22:y=42.0 h=71.0 s=1.00 g=7.7 b=0.0][23:y=120.7 h=67.5 s=0.95 g=10.2 b=0.5][24:y=198.4 h=94.0 s=0.95 g=10.1 b=1.5][25:y=302.6 h=67.5 s=0.95 g=- b=2.0]
[17:50:57] [Poll] 🔄 Track check via AppleScript — reason: identity heartbeat (5s)
[17:51:00] [ActiveBrightness] idx=24 rowOp=0.999 bright=0.000 dimTier=0.35 eff=0.000 deferred=- occluded=0 loop=1 sinceUnoccluded=-
[17:51:00] [LineGaps] idx=24 anchor=42.0 rows=[22:y=-110.2 h=67.5 s=0.95 g=9.5 b=1.5][23:y=-33.2 h=67.5 s=0.95 g=7.8 b=0.5][24:y=42.0 h=99.0 s=1.00 g=7.7 b=0.0][25:y=148.7 h=67.5 s=0.95 g=9.5 b=0.5][26:y=225.7 h=67.5 s=0.95 g=10.2 b=1.5][27:y=303.3 h=94.0 s=0.95 g=- b=2.0]
[17:51:03] [Poll] 🔄 Track check via AppleScript — reason: identity heartbeat (5s)
[17:51:04] [ActiveBrightness] idx=25 rowOp=0.999 bright=0.000 dimTier=0.35 eff=0.000 deferred=- occluded=0 loop=1 sinceUnoccluded=-
[17:51:04] [LineGaps] idx=25 anchor=42.0 rows=[23:y=-138.2 h=67.5 s=0.95 g=10.2 b=1.5][24:y=-60.5 h=94.0 s=0.95 g=8.5 b=0.5][25:y=42.0 h=71.0 s=1.00 g=7.7 b=0.0][26:y=120.7 h=67.5 s=0.95 g=10.2 b=0.5][27:y=198.3 h=94.0 s=0.95 g=10.8 b=1.5][28:y=303.2 h=94.0 s=0.95 g=- b=2.0]
[17:51:05] [QueuePreload] checkQueueHashAndRefresh reason=timer:30s
[17:51:05] [PlayerState] 📊 track='Supernatural' pid='8CC068DEC50C3BA9' dur=190.999 changed=false curPID='8CC068DEC50C3BA9'
[17:51:09] [Poll] 🔄 Track check via AppleScript — reason: identity heartbeat (5s)
[17:51:13] [ActiveBrightness] idx=27 rowOp=0.999 bright=0.000 dimTier=0.35 eff=0.000 deferred=- occluded=0 loop=1 sinceUnoccluded=-
[17:51:13] [LineGaps] idx=27 anchor=42.0 rows=[25:y=-110.2 h=67.5 s=0.95 g=9.5 b=1.5][26:y=-33.2 h=67.5 s=0.95 g=7.8 b=0.5][27:y=42.0 h=99.0 s=1.00 g=8.4 b=0.0][28:y=149.4 h=94.0 s=0.95 g=10.2 b=0.5][29:y=253.7 h=67.5 s=0.95 g=9.5 b=1.5][30:y=330.6 h=67.5 s=0.95 g=- b=2.0]
[17:51:15] [Poll] 🔄 Track check via AppleScript — reason: identity heartbeat (5s)
[17:51:18] [ActiveBrightness] idx=28 rowOp=0.999 bright=0.000 dimTier=0.35 eff=0.000 deferred=- occluded=0 loop=1 sinceUnoccluded=-
[17:51:18] [LineGaps] idx=28 anchor=42.0 rows=[26:y=-138.2 h=67.5 s=0.95 g=10.2 b=1.5][27:y=-60.5 h=94.0 s=0.95 g=8.5 b=0.5][28:y=42.0 h=99.0 s=1.00 g=7.7 b=0.0][29:y=148.7 h=67.5 s=0.95 g=9.5 b=0.5][30:y=225.6 h=67.5 s=0.95 g=10.1 b=1.5][31:y=303.2 h=94.0 s=0.95 g=- b=2.0]
[17:51:18] [QueuePreload] queueMayHaveChanged notification=com.apple.Music.playerInfo
[17:51:18] [Timing] 📐 DRIFT CORRECTION: drift=-115.86s polled=0.00 interpolated=115.86
[17:51:18] [Artwork] 🎵 Track changed: 下雨天 - Sandy Lam & Blue Jeans
[17:51:18] [Artwork] 🎨 fetchArtwork: 下雨天 - Sandy Lam & Blue Jeans gen=2
[17:51:18] [Artwork] 🎨 Metadata disk cache HIT (meta:下雨天|sandy lam & blue jeans|are you ready)
[17:51:18] [LyricsService] 🚀 fetchLyrics START: '下雨天' by 'Sandy Lam & Blue Jeans' dur=304.0 album='Are You Ready' (forceRefresh=false, curSongID='supernatural|newjeans|supernatural single|191', curDur=191.0, curAlbum='Supernatural - Single')
[17:51:18] [LyricsService] 🔄 Starting async lyrics fetch...
[17:51:18] [LyricsFetch] fetchAllSources caller=foreground songID='下雨天|sandy lam blue jeans|are you ready|304' album='Are You Ready' dur=304.0
[17:51:18] [LyricsFetcher.swift:668] 🚀 fetchAllSources START: '下雨天' by 'Sandy Lam & Blue Jeans' (304s) album='Are You Ready'
[17:51:18] [NetEase] 🔍 搜索: '下雨天' by 'Sandy Lam & Blue Jeans' (304s) album='Are You Ready'
[17:51:18] [QQMusic] 🔍 搜索: '下雨天' by 'Sandy Lam & Blue Jeans' (304s) album='Are You Ready'
[17:51:18] [AMLL] 🔍 请求: '下雨天' by 'Sandy Lam & Blue Jeans' (304s)
[17:51:18] [MetadataResolver] 🇨🇳 CN 搜索开始: '下雨天' by 'Sandy Lam & Blue Jeans' (304s)
[17:51:18] [NetEase] 🔑 关键词: ["下雨天 Sandy Lam & Blue Jeans", "下雨天", "下雨天 are you ready", "下雨天 are you ready Sandy Lam & Blue Jeans", "are you ready Sandy Lam & Blue Jeans", "Sandy Lam & Blue Jeans"]
[17:51:18] [QQMusic] 🔑 关键词: ["下雨天 Sandy Lam & Blue Jeans", "下雨天", "下雨天 are you ready", "下雨天 are you ready Sandy Lam & Blue Jeans", "are you ready Sandy Lam & Blue Jeans", "Sandy Lam & Blue Jeans", "下雨天"]
[17:51:18] [NetEase] 🔎 title+artist: '下雨天 Sandy Lam & Blue Jeans'
[17:51:18] [QQMusic] 🔎 title+artist: '下雨天 Sandy Lam & Blue Jeans'
[17:51:18] [Timing] 🔴 POLL DELAY: queueWait=0ms sbRead=108.7ms pos=0.00
[17:51:19] [LyricsService] ⏭️ Skipping duplicate fetch: '下雨天|sandy lam blue jeans|are you ready|304' (currentSongID='下雨天|sandy lam blue jeans|are you ready|304')
[17:51:19] [QueuePreload] checkQueueHashAndRefresh reason=notification:com.apple.Music.playerInfo
[17:51:19] [NetEase] 📦 title+artist: 10 个候选
[17:51:19] [QueuePreload] checkQueueHash CHANGED reason=notification:com.apple.Music.playerInfo '' -> 'Music:1709:4D0779A96B36638F' -> fetchUpNextQueue()
[17:51:19] [Playback] ⚠️ Apple Music recent tracks failed: Failed to request developer token
[17:51:19] [NetEase] 🎯 候选: '下雨天' by '林忆莲 / Blue Jeans' alb='林忆莲白金珍藏版' q='title+artist' T=true A=false AL=false L=3 Δ0.0s, '下雨天' by 'Blue Jeans / 林忆莲' alb='爱上合唱' q='title+artist' T=true A=false AL=false L=3 Δ0.2s, '下雨天' by '林忆莲 / Blue Jeans' alb='忆莲2000精选' q='title+artist' T=true A=false AL=false L=3 Δ0.2s, '下雨天' by '林忆莲 / Blue Jeans' alb='色彩回忆30莲' q='title+artist' T=true A=false AL=false L=3 Δ0.2s, '下雨天' by '林忆莲 / Blue Jeans' alb='爱莲说' q='title+artist' T=true A=false AL=false L=3 Δ0.2s
[17:51:19] [NetEase] ❌ 无匹配
[17:51:19] [NetEase] 🔎 title+artist: '下雨天 Sandy Lam & Blue Jeans'
[17:51:19] [NetEase] 🔎 title+album+artist: '下雨天 are you ready Sandy Lam & Blue Jeans'
[17:51:19] [NetEase] 🔎 album+artist: 'are you ready Sandy Lam & Blue Jeans'
[17:51:19] [NetEase] 🔎 artist only: 'Sandy Lam & Blue Jeans'
[17:51:19] [NetEase] 🔎 title only: '下雨天'
[17:51:19] [NetEase] 🔎 title+album: '下雨天 are you ready'
[17:51:19] [Playback] 🔍 [getUpNextTracksFromApp] outcome=success(playlistName: Optional("Music")) playlistName=Music kind=Apple Music AAC audio file trackCount=1709
[17:51:19] [QueuePreload] fetchUpNextViaBridge outcome=success(playlistName: Optional("Music")) didChange=true currentTrack='下雨天' tracks=["啟程|album=\'真善美\'|dur=277.8269958496094", "This Time|album=\'This Time - Single\'|dur=186.01400756835938"]
[17:51:19] [QueuePreload] preloadNearbyAssets scheduled currentTrack='下雨天' validTracks=["啟程|album=\'真善美\'|dur=277.8269958496094", "This Time|album=\'This Time - Single\'|dur=186.01400756835938"]
[17:51:19] [Timing] 📐 DRIFT CORRECTION: drift=-0.35s polled=0.15 interpolated=0.50
[17:51:19] [QQMusic] 📦 title+artist: 20 个候选
[17:51:19] [QQMusic] 🎯 候选: '下雨天' by '林忆莲 / 蓝战士' alb='Ready' q='title+artist' T=true A=false AL=true L=3 Δ0.0s
[17:51:19] [QQMusic] ❌ 无匹配
[17:51:19] [QQMusic] 🔎 title+artist: '下雨天 Sandy Lam & Blue Jeans'
[17:51:19] [QQMusic] 🔎 title only: '下雨天'
[17:51:19] [QQMusic] 🔎 title+album: '下雨天 are you ready'
[17:51:19] [QQMusic] 🔎 title+album+artist: '下雨天 are you ready Sandy Lam & Blue Jeans'
[17:51:19] [QQMusic] 🔎 album+artist: 'are you ready Sandy Lam & Blue Jeans'
[17:51:19] [QQMusic] 🔎 artist only: 'Sandy Lam & Blue Jeans'
[17:51:19] [QQMusic] 🔎 title only: '下雨天'
[17:51:19] [AMLL] ❌ 未命中: 索引无匹配候选 [660ms]
[17:51:19] [LRCLIB] 🔍 /search '下雨天' by 'Sandy Lam & Blue Jeans' (304s)
[17:51:19] [LRCLIB] 🔍 /get '下雨天' by 'Sandy Lam & Blue Jeans' (304s)
[17:51:19] [NetEase] 🔗 CJK artist resolve: 'Sandy Lam & Blue Jeans' → ["林忆莲", "黄良升", "林姗姗"]
[17:51:19] [NetEase] 🔎 alias+title:林忆莲: '下雨天 林忆莲'
[17:51:19] [NetEase] 📦 title+artist: 10 个候选
[17:51:19] [NetEase] 🎯 候选: '下雨天' by '林忆莲 / Blue Jeans' alb='林忆莲白金珍藏版' q='title+artist' T=true A=false AL=false L=3 Δ0.0s, '下雨天' by 'Blue Jeans / 林忆莲' alb='爱上合唱' q='title+artist' T=true A=false AL=false L=3 Δ0.2s, '下雨天' by '林忆莲 / Blue Jeans' alb='忆莲2000精选' q='title+artist' T=true A=false AL=false L=3 Δ0.2s, '下雨天' by '林忆莲 / Blue Jeans' alb='色彩回忆30莲' q='title+artist' T=true A=false AL=false L=3 Δ0.2s, '下雨天' by '林忆莲 / Blue Jeans' alb='爱莲说' q='title+artist' T=true A=false AL=false L=3 Δ0.2s
[17:51:19] [NetEase] ❌ 无匹配
[17:51:19] [NetEase] 📦 title only: 20 个候选
[17:51:19] [NetEase] 🎯 候选: '下雨天' by 'Blue Jeans / 林忆莲' alb='爱上合唱' q='title only' T=true A=false AL=false L=3 Δ0.2s, '下雨天' by '姚弛' alb='下雨天' q='title only' T=true A=false AL=false L=3 Δ5.6s
[17:51:19] [NetEase] ❌ 无匹配
[17:51:19] [NetEase] 📦 title+album: 20 个候选
[17:51:19] [NetEase] 🎯 候选: 
[17:51:19] [NetEase] 📦 title+album+artist: 20 个候选
[17:51:19] [NetEase] 🎯 候选: '下雨天' by '林忆莲 / Blue Jeans' alb='林忆莲白金珍藏版' q='title+album+artist' T=true A=false AL=false L=3 Δ0.0s, '下雨天' by '林忆莲 / Blue Jeans' alb='Ready' q='title+album+artist' T=true A=false AL=true L=3 Δ0.2s
[17:51:19] [NetEase] ❌ 无匹配
[17:51:19] [NetEase] 📦 artist only: 20 个候选
[17:51:19] [NetEase] 🔗 CJK artist resolve: 'Sandy Lam & Blue Jeans' → ["林忆莲", "黄良升", "林姗姗"]
[17:51:19] [NetEase] 🎯 候选: '下雨天' by 'Blue Jeans / 林忆莲' alb='爱上合唱' q='artist only' T=true A=false AL=false L=3 Δ0.2s, '下雨天' by '林忆莲 / Blue Jeans' alb='忆莲2000精选' q='artist only' T=true A=false AL=false L=3 Δ0.2s, '下雨天' by '林忆莲 / Blue Jeans' alb='色彩回忆30莲' q='artist only' T=true A=false AL=false L=3 Δ0.2s, '下雨天' by '林忆莲 / Blue Jeans' alb='Ready' q='artist only' T=true A=false AL=true L=3 Δ0.2s, '下雨天' by '林忆莲 / Blue Jeans' alb='爱程集' q='artist only' T=true A=false AL=false L=3 Δ0.9s
[17:51:19] [NetEase] ✅ P2a: '下雨天' by '林忆莲 / Blue Jeans' alb='Ready' q='artist only' AL=true L=3 Δ0.2s
[17:51:19] [LyricsFetcher.swift:1335] ✅ LRCLIB: score=49.0, lines=41, albumMatch=false
[17:51:19] [NetEase] 🔗 CJK artist resolve: 'Sandy Lam & Blue Jeans' → ["林忆莲", "黄良升", "林姗姗"]
[17:51:19] [QQMusic] 🔎 alias+title:林忆莲: '下雨天 林忆莲'
[17:51:19] [QueuePreload] fetchRecentHistoryViaScriptingBridge didChange=true currentTrack='下雨天' tracks=["Be My Venus|album=\'Stay in My Eyes\'|dur=318.1199951171875", "Nemurenai Diamond|album=\'GOLDEN BEST Junko Ohashi Sony Music Years\'|dur=297.67999267578125", "Looking For Love|album=\'LOVERS\'|dur=331.4800109863281", "Endless Stairs|album=\'Setting Out (feat. Simon Moullier,Joe Martin, Matt Penman,  Reuben Rogers, Miguel Russell, Ian Wacksman)\'|dur=494.6090087890625", "Roland Reve (From \"Lola\")|album=\'French New Wave 1957~1963\'|dur=136.61300659179688"]
[17:51:19] [QueuePreload] preloadNearbyAssets scheduled currentTrack='下雨天' validTracks=["Be My Venus|album=\'Stay in My Eyes\'|dur=318.1199951171875", "Nemurenai Diamond|album=\'GOLDEN BEST Junko Ohashi Sony Music Years\'|dur=297.67999267578125", "Looking For Love|album=\'LOVERS\'|dur=331.4800109863281", "Endless Stairs|album=\'Setting Out (feat. Simon Moullier,Joe Martin, Matt Penman,  Reuben Rogers, Miguel Russell, Ian Wacksman)\'|dur=494.6090087890625", "Roland Reve (From \"Lola\")|album=\'French New Wave 1957~1963\'|dur=136.61300659179688"]
[17:51:19] [Timing] 🔴 POLL DELAY: queueWait=0ms sbRead=368.5ms pos=0.61
[17:51:19] [Timing] 🛡 SLOW-READ POLL: correction suppressed drift=-0.05s sbRead=368.5ms
[17:51:19] [NetEase] 📦 album+artist: 20 个候选
[17:51:19] [NetEase] 📦 alias+title:林忆莲: 20 个候选
[17:51:19] [NetEase] 🎯 候选: '下雨天' by 'Blue Jeans / 林忆莲' alb='爱上合唱' q='alias+title:林忆莲' T=true A=true AL=false L=3 Δ0.2s, '下雨天' by '林忆莲 / Blue Jeans' alb='忆莲2000精选' q='alias+title:林忆莲' T=true A=true AL=false L=3 Δ0.2s, '下雨天' by '林忆莲 / Blue Jeans' alb='盛放忆莲' q='alias+title:林忆莲' T=true A=true AL=false L=3 Δ0.2s, '下雨天' by '林忆莲 / Blue Jeans' alb='Ready' q='alias+title:林忆莲' T=true A=true AL=true L=3 Δ0.2s, '下雨天' by '林忆莲' alb='经典系列 - Ready' q='alias+title:林忆莲' T=true A=true AL=false L=3 Δ0.6s
[17:51:19] [NetEase] ✅ P1: '下雨天' by '林忆莲 / Blue Jeans' alb='Ready' q='alias+title:林忆莲' AL=true L=3 Δ0.2s
[17:51:19] [NetEase] ⚡ Fast exact match via 'alias+title:林忆莲' (albumMatch=true, Δ0.2s)
[17:51:19] [NetEase] 🎯 候选: '下雨天' by '林忆莲 / Blue Jeans' alb='林忆莲白金珍藏版' q='album+artist' T=true A=false AL=false L=3 Δ0.0s, '下雨天' by '林忆莲 / Blue Jeans' alb='盛放忆莲' q='album+artist' T=true A=false AL=false L=3 Δ0.2s, '下雨天' by '林忆莲 / Blue Jeans' alb='忆莲2000精选' q='album+artist' T=true A=false AL=false L=3 Δ0.2s, '下雨天' by '林忆莲 / Blue Jeans' alb='色彩回忆30莲' q='album+artist' T=true A=false AL=false L=3 Δ0.2s, '下雨天' by '林忆莲 / Blue Jeans' alb='爱莲说' q='album+artist' T=true A=false AL=false L=3 Δ0.2s
[17:51:19] [NetEase] ✅ P2a: '下雨天' by '林忆莲 / Blue Jeans' alb='Ready' q='album+artist' AL=true L=3 Δ0.2s
[17:51:19] [NetEase] ✅ 找到 songId=257813 albumMatch=true
[17:51:19] [LRCLIB] ❌ /search empty for '下雨天' by 'Sandy Lam & Blue Jeans'
[17:51:20] [MetadataResolver] 🇨🇳 [CN] 搜索 '下雨天 Sandy Lam & Blue Jeans' 无结果
[17:51:20] [QQMusic] 📦 title+album: 20 个候选
[17:51:20] [QQMusic] 📦 title+artist: 20 个候选
[17:51:20] [QQMusic] 🎯 候选: '下雨天' by '林忆莲 / 蓝战士' alb='Ready' q='title+artist' T=true A=false AL=true L=3 Δ0.0s
[17:51:20] [QQMusic] ❌ 无匹配
[17:51:20] [QQMusic] 🎯 候选: 'Are You Ready?' by 'Boney James' alb='Body Language' q='title+album' T=false A=false AL=false L=14 Δ0.0s, 'ARE YOU READY' by '张雨生' alb='如燕盘旋而来的思念' q='title+album' T=false A=false AL=false L=13 Δ2.0s, 'Are You Ready' by 'Bob Dylan' alb='Saved' q='title+album' T=false A=false AL=false L=13 Δ19.0s
[17:51:20] [QQMusic] ❌ 无匹配
[17:51:20] [NetEase] 🎯 YRC word-level: 59 lines, 59 synced
[17:51:20] [LyricsFetcher.swift:1335] ✅ NetEase: score=100.0, lines=59, albumMatch=true
[17:51:20] [LyricsFetcher.swift:1391] ⚡ Early return: NetEase score=100.0 >= 70 albumMatch=true
[17:51:20] [LyricsFetcher.swift:1670] 🏁 fetchAllSources: 2 results in 1.4s (branch3=false)
[17:51:20] [LyricsResultSelection.swift:134] 🔬 selectBestResult: 2 results, 2 synced (LRCLIB:synced/48,NetEase:synced/100)
[17:51:20] [LyricsResultSelection.swift:219] 🎯 Word-level pre-filter: keeping ["NetEase"], dropping ["LRCLIB"]
[17:51:20] [QQMusic] ⚠️ album+artist HTTP error: Error Domain=NSURLErrorDomain Code=-999 "cancelled" UserInfo={NSErrorFailingURLStringKey=https://u.y.qq.com/cgi-bin/musicu.fcg, NSErrorFailingURLKey=https://u.y.qq.com/cgi-bin/musicu.fcg, _NSURLErrorRelatedURLSessionTaskErrorKey=(
    "LocalDataTask <FDD62699-05CC-4BB9-89AA-B65870434FC5>.<90>"
), _NSURLErrorFailingURLSessionTaskErrorKey=LocalDataTask <FDD62699-05CC-4BB9-89AA-B65870434FC5>.<90>, NSLocalizedDescription=cancelled}
[17:51:20] [QQMusic] ⚠️ artist only HTTP error: Error Domain=NSURLErrorDomain Code=-999 "cancelled" UserInfo={NSErrorFailingURLStringKey=https://u.y.qq.com/cgi-bin/musicu.fcg, NSErrorFailingURLKey=https://u.y.qq.com/cgi-bin/musicu.fcg, _NSURLErrorRelatedURLSessionTaskErrorKey=(
    "LocalDataTask <70F3739F-F89D-4C8C-B2D8-00A3F8413B7B>.<96>"
), _NSURLErrorFailingURLSessionTaskErrorKey=LocalDataTask <70F3739F-F89D-4C8C-B2D8-00A3F8413B7B>.<96>, NSLocalizedDescription=cancelled}
[17:51:20] [QQMusic] ⚠️ title only HTTP error: Error Domain=NSURLErrorDomain Code=-999 "cancelled" UserInfo={NSErrorFailingURLStringKey=https://u.y.qq.com/cgi-bin/musicu.fcg, NSErrorFailingURLKey=https://u.y.qq.com/cgi-bin/musicu.fcg, _NSURLErrorRelatedURLSessionTaskErrorKey=(
    "LocalDataTask <07301EE8-2F1D-4530-B42D-7CBF06C19942>.<87>"
), _NSURLErrorFailingURLSessionTaskErrorKey=LocalDataTask <07301EE8-2F1D-4530-B42D-7CBF06C19942>.<87>, NSLocalizedDescription=cancelled}
[17:51:20] [QQMusic] ⚠️ title+album+artist HTTP error: Error Domain=NSURLErrorDomain Code=-999 "cancelled" UserInfo={NSErrorFailingURLStringKey=https://u.y.qq.com/cgi-bin/musicu.fcg, NSErrorFailingURLKey=https://u.y.qq.com/cgi-bin/musicu.fcg, _NSURLErrorRelatedURLSessionTaskErrorKey=(
    "LocalDataTask <69ECC1D0-7DE0-4E32-A1DA-056BE02E57D7>.<89>"
), _NSURLErrorFailingURLSessionTaskErrorKey=LocalDataTask <69ECC1D0-7DE0-4E32-A1DA-056BE02E57D7>.<89>, NSLocalizedDescription=cancelled}
[17:51:20] [QQMusic] ⚠️ alias+title:林忆莲 HTTP error: Error Domain=NSURLErrorDomain Code=-999 "cancelled" UserInfo={NSErrorFailingURLStringKey=https://u.y.qq.com/cgi-bin/musicu.fcg, NSErrorFailingURLKey=https://u.y.qq.com/cgi-bin/musicu.fcg, _NSURLErrorRelatedURLSessionTaskErrorKey=(
    "LocalDataTask <B2EBA34B-91A2-461B-B3BA-5B24266AC324>.<106>"
), _NSURLErrorFailingURLSessionTaskErrorKey=LocalDataTask <B2EBA34B-91A2-461B-B3BA-5B24266AC324>.<106>, NSLocalizedDescription=cancelled}
[17:51:20] [QQMusic] ⚠️ title only HTTP error: Error Domain=NSURLErrorDomain Code=-999 "cancelled" UserInfo={NSErrorFailingURLStringKey=https://u.y.qq.com/cgi-bin/musicu.fcg, NSErrorFailingURLKey=https://u.y.qq.com/cgi-bin/musicu.fcg, _NSURLErrorRelatedURLSessionTaskErrorKey=(
    "LocalDataTask <65583715-112D-4254-966B-AA17CD09A163>.<99>"
), _NSURLErrorFailingURLSessionTaskErrorKey=LocalDataTask <65583715-112D-4254-966B-AA17CD09A163>.<99>, NSLocalizedDescription=cancelled}
[17:51:20] [QQMusic] 🔎 alias artist only:林忆莲: '林忆莲'
[17:51:20] [QQMusic] ⚠️ alias artist only:林忆莲 HTTP error: Error Domain=NSURLErrorDomain Code=-999 "cancelled" UserInfo={NSErrorFailingURLStringKey=https://u.y.qq.com/cgi-bin/musicu.fcg, NSErrorFailingURLKey=https://u.y.qq.com/cgi-bin/musicu.fcg, _NSURLErrorRelatedURLSessionTaskErrorKey=(
    "LocalDataTask <23F37ED3-39E2-4630-BA83-E3953DCDE258>.<111>"
), _NSURLErrorFailingURLSessionTaskErrorKey=LocalDataTask <23F37ED3-39E2-4630-BA83-E3953DCDE258>.<111>, NSLocalizedDescription=cancelled}
[17:51:20] [QQMusic] 🔎 alias album+artist:林忆莲: 'are you ready 林忆莲'
[17:51:20] [QQMusic] ⚠️ alias album+artist:林忆莲 HTTP error: Error Domain=NSURLErrorDomain Code=-999 "cancelled" UserInfo={NSErrorFailingURLStringKey=https://u.y.qq.com/cgi-bin/musicu.fcg, NSErrorFailingURLKey=https://u.y.qq.com/cgi-bin/musicu.fcg, _NSURLErrorRelatedURLSessionTaskErrorKey=(
    "LocalDataTask <167C72E2-F011-42A9-A315-D083C85BC642>.<112>"
), _NSURLErrorFailingURLSessionTaskErrorKey=LocalDataTask <167C72E2-F011-42A9-A315-D083C85BC642>.<112>, NSLocalizedDescription=cancelled}
[17:51:20] [QQMusic] 🔎 alias+title:黄良升: '下雨天 黄良升'
[17:51:20] [QQMusic] ⚠️ alias+title:黄良升 HTTP error: Error Domain=NSURLErrorDomain Code=-999 "cancelled" UserInfo={NSErrorFailingURLStringKey=https://u.y.qq.com/cgi-bin/musicu.fcg, NSErrorFailingURLKey=https://u.y.qq.com/cgi-bin/musicu.fcg, _NSURLErrorRelatedURLSessionTaskErrorKey=(
    "LocalDataTask <76C0126D-A834-4674-814F-41C60E03E950>.<113>"
), _NSURLErrorFailingURLSessionTaskErrorKey=LocalDataTask <76C0126D-A834-4674-814F-41C60E03E950>.<113>, NSLocalizedDescription=cancelled}
[17:51:20] [QQMusic] 🔎 alias artist only:黄良升: '黄良升'
[17:51:20] [QQMusic] ⚠️ alias artist only:黄良升 HTTP error: Error Domain=NSURLErrorDomain Code=-999 "cancelled" UserInfo={NSErrorFailingURLStringKey=https://u.y.qq.com/cgi-bin/musicu.fcg, NSErrorFailingURLKey=https://u.y.qq.com/cgi-bin/musicu.fcg, _NSURLErrorRelatedURLSessionTaskErrorKey=(
    "LocalDataTask <E2022AA6-9D3C-4AA5-9C8F-2EAE3C647058>.<114>"
), _NSURLErrorFailingURLSessionTaskErrorKey=LocalDataTask <E2022AA6-9D3C-4AA5-9C8F-2EAE3C647058>.<114>, NSLocalizedDescription=cancelled}
[17:51:20] [LyricsResultSelection.swift:879] 🏆 Final selection: NetEase (score=100.0, kind=synced)
[17:51:20] [QQMusic] 🔎 alias album+artist:黄良升: 'are you ready 黄良升'
[17:51:20] [LyricsFetcher.swift:1707] ⏭️ fetchAllSources cancelled before result normalization
[17:51:20] [LyricsFetcher.swift:618] ⚡ apply-on-select: verdict at 1.364s, delivered at 1.364s
[17:51:20] [LyricsResultSelection.swift:134] 🔬 selectBestResult: 2 results, 2 synced (NetEase:synced/100,LRCLIB:synced/48)
[17:51:20] [QQMusic] ⚠️ alias album+artist:黄良升 HTTP error: Error Domain=NSURLErrorDomain Code=-999 "cancelled" UserInfo={NSErrorFailingURLStringKey=https://u.y.qq.com/cgi-bin/musicu.fcg, NSErrorFailingURLKey=https://u.y.qq.com/cgi-bin/musicu.fcg, _NSURLErrorRelatedURLSessionTaskErrorKey=(
    "LocalDataTask <73A321F3-EAB5-4216-98D8-0DC48212C680>.<115>"
), _NSURLErrorFailingURLSessionTaskErrorKey=LocalDataTask <73A321F3-EAB5-4216-98D8-0DC48212C680>.<115>, NSLocalizedDescription=cancelled}
[17:51:20] [LyricsResultSelection.swift:219] 🎯 Word-level pre-filter: keeping ["NetEase"], dropping ["LRCLIB"]
[17:51:20] [QQMusic] 🔎 alias+title:林姗姗: '下雨天 林姗姗'
[17:51:20] [LyricsResultSelection.swift:879] 🏆 Final selection: NetEase (score=100.0, kind=synced)
[17:51:20] [QQMusic] ⚠️ alias+title:林姗姗 HTTP error: Error Domain=NSURLErrorDomain Code=-999 "cancelled" UserInfo={NSErrorFailingURLStringKey=https://u.y.qq.com/cgi-bin/musicu.fcg, NSErrorFailingURLKey=https://u.y.qq.com/cgi-bin/musicu.fcg, _NSURLErrorRelatedURLSessionTaskErrorKey=(
    "LocalDataTask <1F9746AE-77C8-4139-B04B-805C46CF259C>.<116>"
), _NSURLErrorFailingURLSessionTaskErrorKey=LocalDataTask <1F9746AE-77C8-4139-B04B-805C46CF259C>.<116>, NSLocalizedDescription=cancelled}
[17:51:20] [QQMusic] 🔎 alias artist only:林姗姗: '林姗姗'
[17:51:20] [QQMusic] ⚠️ alias artist only:林姗姗 HTTP error: Error Domain=NSURLErrorDomain Code=-999 "cancelled" UserInfo={NSErrorFailingURLStringKey=https://u.y.qq.com/cgi-bin/musicu.fcg, NSErrorFailingURLKey=https://u.y.qq.com/cgi-bin/musicu.fcg, _NSURLErrorRelatedURLSessionTaskErrorKey=(
    "LocalDataTask <898BB814-4D5B-40FB-875A-BBF44B62D49A>.<117>"
), _NSURLErrorFailingURLSessionTaskErrorKey=LocalDataTask <898BB814-4D5B-40FB-875A-BBF44B62D49A>.<117>, NSLocalizedDescription=cancelled}
[17:51:20] [QQMusic] 🔎 alias album+artist:林姗姗: 'are you ready 林姗姗'
[17:51:20] [QQMusic] ⚠️ alias album+artist:林姗姗 HTTP error: Error Domain=NSURLErrorDomain Code=-999 "cancelled" UserInfo={NSErrorFailingURLStringKey=https://u.y.qq.com/cgi-bin/musicu.fcg, NSErrorFailingURLKey=https://u.y.qq.com/cgi-bin/musicu.fcg, _NSURLErrorRelatedURLSessionTaskErrorKey=(
    "LocalDataTask <C990191D-8F39-43D6-9D3C-75A675AC2A17>.<118>"
), _NSURLErrorFailingURLSessionTaskErrorKey=LocalDataTask <C990191D-8F39-43D6-9D3C-75A675AC2A17>.<118>, NSLocalizedDescription=cancelled}
[17:51:20] [QQMusic] ❌ 未找到歌曲
[17:51:20] [LyricsService] 📦 Cached: '下雨天|sandy lam blue jeans|are you ready|304' (60 lines, unsynced=false)
[17:51:20] [LyricsService] 📋 Applied: '下雨天|sandy lam blue jeans|are you ready|304' 60L, firstReal="又独行旧地", unsynced=false
[17:51:21] [QueuePreload] preloadNextSongs SKIPPED (native lyrics renderer active on lyrics page) currentTrack='下雨天'
[17:51:21] [MetadataResolver] 🇨🇳 [CN] 搜索 'Sandy Lam & Blue Jeans' 无结果
[17:51:21] [MetadataResolver] 🇨🇳 [CN] 搜索 '下雨天' 无结果
[17:51:21] [MetadataResolver] 🌏 inferRegions: '下雨天' by 'Sandy Lam & Blue Jeans' → ["JP", "TW", "HK"]
[17:51:21] [Playback] 🔍 [getUpNextTracksFromApp] outcome=success(playlistName: Optional("Music")) playlistName=Music kind=Apple Music AAC audio file trackCount=1709
[17:51:21] [QueuePreload] fetchUpNextViaBridge outcome=success(playlistName: Optional("Music")) didChange=false currentTrack='下雨天' tracks=["啟程|album=\'真善美\'|dur=277.8269958496094", "This Time|album=\'This Time - Single\'|dur=186.01400756835938"]
[17:51:21] [Artwork] 🎨 [iTunes API] 命中: album='Setting Out (feat. Simon Moullier,Joe Martin, Matt Penman,  Reuben Rogers, Miguel Russell, Ian Wacksman)' (目标='Setting Out (feat. Simon Moullier,Joe Martin, Matt Penman,  Reuben Rogers, Miguel Russell, Ian Wacksman)') via 'Endless Stairs Strucky Yi, Joe Martin & Ian Wacksman'
[17:51:21] [Poll] 🔄 Track check via AppleScript — reason: identity heartbeat (5s)
[17:51:22] [MetadataResolver] [JP] 搜索 '下雨天 Sandy Lam & Blue Jeans' 返回 30 条
[17:51:23] [MetadataResolver] [JP] 搜索 '下雨天' 返回 30 条
[17:51:23] [MetadataResolver] [JP] 搜索 'Sandy Lam & Blue Jeans' 返回 30 条
[17:51:23] [MetadataResolver] [JP] 候选(titleMatch): '下雨天' by 'サンディ・ラム & Blue Jeans' Δ0.15s
[17:51:23] [MetadataResolver] [JP] 候选(titleMatch): '下雨天' by 'サンディ・ラム & 藍戰士' Δ0.11s
[17:51:23] [MetadataResolver] [JP] 候选(titleMatch): '下雨天' by 'サンディ・ラム & 藍戰士' Δ1.74s
[17:51:23] [MetadataResolver] [JP] 候选(titleMatch): '下雨天' by 'サンディ・ラム & 藍戰士' Δ1.58s
[17:51:23] [MetadataResolver] [JP] 候选(titleMatch): '下雨天 (feat. Blue Jeans)' by 'サンディ・ラム & 藍戰士' Δ0.30s
[17:51:25] [MetadataResolver] [HK] 搜索 '下雨天 Sandy Lam & Blue Jeans' 返回 30 条
[17:51:25] [MetadataResolver] [TW] 搜索 '下雨天 Sandy Lam & Blue Jeans' 返回 30 条
[17:51:25] [ActiveBrightness] idx=2 rowOp=1.000 bright=1.000 dimTier=0.35 eff=1.000 deferred=- occluded=0 loop=1 sinceUnoccluded=-
[17:51:25] [LineGaps] idx=2 anchor=42.0 rows=[0:y=-54.8 h=43.7 s=0.95 g=8.1 b=1.5][1:y=-3.0 h=38.0 s=0.95 g=7.0 b=0.5][2:y=42.0 h=40.0 s=1.00 g=7.0 b=0.0][3:y=89.0 h=38.0 s=0.95 g=8.6 b=0.5][4:y=135.6 h=60.8 s=0.95 g=8.6 b=1.5][5:y=204.9 h=38.0 s=0.95 g=- b=2.0]
[17:51:26] [MetadataResolver] [TW] 搜索 '下雨天' 返回 30 条
[17:51:26] [MetadataResolver] [HK] 搜索 'Sandy Lam & Blue Jeans' 返回 30 条
[17:51:26] [MetadataResolver] [TW] 搜索 'Sandy Lam & Blue Jeans' 返回 30 条
[17:51:26] [MetadataResolver] [HK] 搜索 '下雨天' 返回 30 条
[17:51:26] [MetadataResolver] [TW] 候选(titleMatch): '下雨天' by '林憶蓮 & Blue Jeans' Δ0.15s
[17:51:26] [MetadataResolver] [TW] 候选(titleMatch): '下雨天' by '林憶蓮 & 藍戰士' Δ0.11s
[17:51:26] [MetadataResolver] [HK] 候选(titleMatch): '下雨天' by '林憶蓮 & Blue Jeans' Δ0.15s
[17:51:26] [MetadataResolver] [TW] 候选(titleMatch): '下雨天 (feat. Blue Jeans)' by '林憶蓮 & 藍戰士' Δ0.30s
[17:51:26] [MetadataResolver] [HK] 候选(titleMatch): '下雨天 (feat. Blue Jeans)' by '林憶蓮 & 藍戰士' Δ0.30s
[17:51:26] [MetadataResolver] [TW] 候选(titleMatch): '下雨天' by '林憶蓮 & 藍戰士' Δ1.74s
[17:51:26] [MetadataResolver] [HK] 候选(titleMatch): '下雨天' by '林憶蓮 & 藍戰士' Δ0.11s
[17:51:26] [MetadataResolver] [TW] 候选(titleMatch): '下雨天' by '林憶蓮 & 藍戰士' Δ1.58s
[17:51:26] [MetadataResolver] [HK] 候选(titleMatch): '下雨天' by '林憶蓮 & 藍戰士' Δ1.74s
[17:51:26] [MetadataResolver] [HK] 候选(titleMatch): '下雨天' by '林憶蓮 & 藍戰士' Δ1.58s
[17:51:26] [MetadataResolver] 🔍 区域结果: '下雨天' by 'サンディ・ラム & 藍戰士' (region: JP, Δ0.11s)
[17:51:26] [MetadataResolver] ✅ 多区域解析成功: '下雨天' by 'サンディ・ラム & 藍戰士' (region: JP, Δ0.11s)
[17:51:27] [Poll] 🔄 Track check via AppleScript — reason: identity heartbeat (5s)
[17:51:31] [ActiveBrightness] idx=3 rowOp=0.999 bright=1.000 dimTier=0.35 eff=0.999 deferred=- occluded=0 loop=1 sinceUnoccluded=-
[17:51:31] [LineGaps] idx=3 anchor=42.0 rows=[1:y=-49.0 h=38.0 s=0.95 g=8.0 b=1.5][2:y=-3.0 h=38.0 s=0.95 g=7.0 b=0.5][3:y=42.0 h=40.0 s=1.00 g=7.6 b=0.0][4:y=89.6 h=60.8 s=0.95 g=8.6 b=0.5][5:y=158.9 h=38.0 s=0.95 g=7.9 b=1.5][6:y=204.9 h=38.0 s=0.95 g=- b=2.0]
[17:51:33] [Poll] 🔄 Track check via AppleScript — reason: identity heartbeat (5s)
[17:51:35] [QueuePreload] checkQueueHashAndRefresh reason=timer:30s
[17:51:35] [PlayerState] 📊 track='下雨天' pid='4D0779A96B36638F' dur=304.146 changed=false curPID='4D0779A96B36638F'
[17:51:38] [Timing] 🔴 POLL DELAY: queueWait=0ms sbRead=70.7ms pos=38.41
[17:51:40] [Timing] 🔴 POLL DELAY: queueWait=0ms sbRead=57.3ms pos=38.32
[17:51:40] [Poll] 🔄 Track check via AppleScript — reason: identity heartbeat (5s)
[17:51:44] [ActiveBrightness] idx=6 rowOp=0.999 bright=1.000 dimTier=0.35 eff=0.999 deferred=- occluded=0 loop=1 sinceUnoccluded=-
[17:51:44] [LineGaps] idx=6 anchor=42.0 rows=[4:y=-72.4 h=60.8 s=0.95 g=8.6 b=1.5][5:y=-3.0 h=38.0 s=0.95 g=7.0 b=0.5][6:y=42.0 h=40.0 s=1.00 g=7.0 b=0.0][7:y=89.0 h=38.0 s=0.95 g=8.6 b=0.5][8:y=135.5 h=60.8 s=0.95 g=8.5 b=1.5][9:y=204.9 h=38.0 s=0.95 g=- b=2.0]
[17:51:47] [Poll] 🔄 Track check via AppleScript — reason: identity heartbeat (5s)
[17:51:49] [ActiveBrightness] idx=7 rowOp=0.999 bright=1.000 dimTier=0.35 eff=0.999 deferred=- occluded=0 loop=1 sinceUnoccluded=-
[17:51:49] [LineGaps] idx=7 anchor=42.0 rows=[5:y=-49.0 h=38.0 s=0.95 g=8.0 b=1.5][6:y=-3.0 h=38.0 s=0.95 g=7.0 b=0.5][7:y=42.0 h=40.0 s=1.00 g=7.6 b=0.0][8:y=89.6 h=60.8 s=0.95 g=8.6 b=0.5][9:y=158.9 h=38.0 s=0.95 g=7.9 b=1.5][10:y=204.9 h=38.0 s=0.95 g=- b=2.0]
[17:51:50] [QueuePreload] queueMayHaveChanged notification=com.apple.Music.playerInfo
[17:51:50] [Timing] 🔴 POLL DELAY: queueWait=0ms sbRead=77.8ms pos=48.86
[17:51:51] [QueuePreload] checkQueueHashAndRefresh reason=notification:com.apple.Music.playerInfo
[17:51:53] [ActiveBrightness] idx=8 rowOp=0.999 bright=1.000 dimTier=0.35 eff=0.999 deferred=- occluded=0 loop=1 sinceUnoccluded=-
[17:51:53] [LineGaps] idx=8 anchor=42.0 rows=[6:y=-49.0 h=38.0 s=0.95 g=8.0 b=1.5][7:y=-3.0 h=38.0 s=0.95 g=7.0 b=0.5][8:y=42.0 h=64.0 s=1.00 g=7.0 b=0.0][9:y=113.0 h=38.0 s=0.95 g=8.0 b=0.5][10:y=158.9 h=38.0 s=0.95 g=8.5 b=1.5][11:y=205.5 h=60.8 s=0.95 g=- b=2.0]
[17:51:53] [Poll] 🔄 Track check via AppleScript — reason: identity heartbeat (5s)
[17:51:55] [Timing] 🔴 POLL DELAY: queueWait=0ms sbRead=73.7ms pos=52.70
[17:52:05] [QueuePreload] checkQueueHashAndRefresh reason=timer:30s
[17:52:05] [PlayerState] 📊 track='下雨天' pid='4D0779A96B36638F' dur=304.146 changed=false curPID='4D0779A96B36638F'
[17:52:35] [QueuePreload] checkQueueHashAndRefresh reason=timer:30s
[17:52:35] [PlayerState] 📊 track='下雨天' pid='4D0779A96B36638F' dur=304.146 changed=false curPID='4D0779A96B36638F'
[17:53:05] [QueuePreload] checkQueueHashAndRefresh reason=timer:30s
[17:53:05] [PlayerState] 📊 track='下雨天' pid='4D0779A96B36638F' dur=304.146 changed=false curPID='4D0779A96B36638F'
[17:53:35] [QueuePreload] checkQueueHashAndRefresh reason=timer:30s
[17:53:35] [PlayerState] 📊 track='下雨天' pid='4D0779A96B36638F' dur=304.146 changed=false curPID='4D0779A96B36638F'
[17:54:01] [Timing] 🔴 POLL DELAY: queueWait=0ms sbRead=67.3ms pos=52.59
[17:54:01] [Poll] 🔄 Track check via AppleScript — reason: identity heartbeat (5s)
[17:54:04] [ActiveBrightness] idx=9 rowOp=0.999 bright=1.000 dimTier=0.35 eff=0.999 deferred=- occluded=0 loop=1 sinceUnoccluded=56.22
[17:54:04] [LineGaps] idx=9 anchor=42.0 rows=[7:y=-73.0 h=38.0 s=0.95 g=8.6 b=1.5][8:y=-26.4 h=60.8 s=0.95 g=7.6 b=0.5][9:y=42.0 h=40.0 s=1.00 g=7.0 b=0.0][10:y=89.0 h=38.0 s=0.95 g=8.5 b=0.5][11:y=135.5 h=60.8 s=0.95 g=9.1 b=1.5][12:y=205.4 h=60.8 s=0.95 g=- b=2.0]
[17:54:05] [QueuePreload] checkQueueHashAndRefresh reason=timer:30s
[17:54:05] [PlayerState] 📊 track='下雨天' pid='4D0779A96B36638F' dur=304.146 changed=false curPID='4D0779A96B36638F'
[17:54:07] [ActiveBrightness] idx=10 rowOp=0.999 bright=1.000 dimTier=0.35 eff=0.999 deferred=- occluded=0 loop=1 sinceUnoccluded=58.81
[17:54:07] [Poll] 🔄 Track check via AppleScript — reason: identity heartbeat (5s)
[17:54:07] [LineGaps] idx=10 anchor=42.0 rows=[8:y=-72.4 h=60.8 s=0.95 g=8.6 b=1.5][9:y=-3.0 h=38.0 s=0.95 g=7.0 b=0.5][10:y=42.0 h=40.0 s=1.00 g=7.6 b=0.0][11:y=89.6 h=60.8 s=0.95 g=9.2 b=0.5][12:y=159.6 h=60.8 s=0.95 g=9.2 b=1.5][13:y=229.5 h=60.8 s=0.95 g=- b=2.0]
[17:54:09] [ActiveBrightness] idx=11 rowOp=0.999 bright=1.000 dimTier=0.35 eff=0.999 deferred=- occluded=0 loop=1 sinceUnoccluded=60.47
[17:54:09] [LineGaps] idx=11 anchor=42.0 rows=[9:y=-49.0 h=38.0 s=0.95 g=8.0 b=1.5][10:y=-3.0 h=38.0 s=0.95 g=7.0 b=0.5][11:y=42.0 h=64.0 s=1.00 g=7.6 b=0.0][12:y=113.6 h=60.8 s=0.95 g=9.2 b=0.5][13:y=183.5 h=60.8 s=0.95 g=8.5 b=1.5][14:y=252.9 h=38.0 s=0.95 g=- b=2.0]
[17:54:13] [Poll] 🔄 Track check via AppleScript — reason: identity heartbeat (5s)
[17:54:14] [ActiveBrightness] idx=12 rowOp=0.999 bright=1.000 dimTier=0.35 eff=0.999 deferred=- occluded=0 loop=1 sinceUnoccluded=65.86
[17:54:14] [LineGaps] idx=12 anchor=42.0 rows=[10:y=-73.0 h=38.0 s=0.95 g=8.6 b=1.5][11:y=-26.4 h=60.8 s=0.95 g=7.6 b=0.5][12:y=42.0 h=64.0 s=1.00 g=7.6 b=0.0][13:y=113.5 h=60.8 s=0.95 g=8.5 b=0.5][14:y=182.9 h=38.0 s=0.95 g=8.5 b=1.5][15:y=229.4 h=60.8 s=0.95 g=- b=2.0]
[17:54:15] [Timing] 🔴 POLL DELAY: queueWait=0ms sbRead=77.8ms pos=66.54
[17:54:25] [LineGaps] phase=manualStart idx=12 anchor=42.0 rows=[10:y=-73.0 h=38.0 s=0.95 g=8.6 b=0.0][11:y=-26.4 h=60.8 s=0.95 g=9.2 b=0.0][12:y=43.6 h=60.8 s=0.95 g=9.2 b=0.0][13:y=113.6 h=60.8 s=0.95 g=8.6 b=0.0][14:y=183.0 h=38.0 s=0.95 g=8.6 b=0.0][15:y=229.6 h=60.8 s=0.95 g=- b=0.0]
[17:54:32] [LineGaps] phase=manualEnd idx=12 anchor=42.0 rows=[10:y=-28.6 h=38.0 s=0.95 g=8.6 b=0.0][11:y=18.0 h=60.8 s=0.95 g=9.2 b=0.0][12:y=88.0 h=60.8 s=0.95 g=9.2 b=0.0][13:y=158.0 h=60.8 s=0.95 g=8.6 b=0.0][14:y=227.4 h=38.0 s=0.95 g=8.6 b=0.0][15:y=274.0 h=60.8 s=0.95 g=- b=0.0]
[17:54:33] [ActiveBrightness] idx=0 rowOp=1.000 bright=0.000 dimTier=0.35 eff=0.000 deferred=- occluded=0 loop=1 sinceUnoccluded=84.85
[17:54:33] [LineGaps] idx=0 anchor=42.0 rows=[0:y=-10.0 h=46.0 s=1.00 g=7.0 b=0.0][1:y=43.0 h=38.0 s=0.95 g=8.0 b=0.5][2:y=89.0 h=38.0 s=0.95 g=8.0 b=1.5][3:y=135.0 h=38.0 s=0.95 g=- b=2.0]
[17:54:34] [QueuePreload] queueMayHaveChanged notification=com.apple.Music.playerInfo
[17:54:34] [Timing] 🔴 POLL DELAY: queueWait=0ms sbRead=68.4ms pos=3.19
[17:54:34] [Poll] 🔄 Track check via AppleScript — reason: identity heartbeat (5s)
[17:54:35] [QueuePreload] checkQueueHashAndRefresh reason=notification:com.apple.Music.playerInfo
[17:54:35] [QueuePreload] checkQueueHashAndRefresh reason=timer:30s
[17:54:35] [PlayerState] 📊 track='下雨天' pid='4D0779A96B36638F' dur=304.146 changed=false curPID='4D0779A96B36638F'
[17:54:57] [QueuePreload] queueMayHaveChanged notification=com.apple.Music.playerInfo
[17:54:57] [QueuePreload] queueMayHaveChanged notification=com.apple.Music.playerInfo
[17:54:57] [Timing] 🔴 POLL DELAY: queueWait=0ms sbRead=72.1ms pos=3.08
[17:54:57] [Poll] 🔄 Track check via AppleScript — reason: identity heartbeat (5s)
[17:54:57] [QueuePreload] checkQueueHashAndRefresh reason=notification:com.apple.Music.playerInfo
[17:54:57] [QueuePreload] checkQueueHashAndRefresh reason=notification:com.apple.Music.playerInfo
[17:54:59] [QueuePreload] queueMayHaveChanged notification=com.apple.Music.playerInfo
[17:54:59] [Artwork] 🎵 Track changed: 啟程 - Christine Fan
[17:54:59] [Artwork] 🎨 fetchArtwork: 啟程 - Christine Fan gen=3
[17:54:59] [Artwork] 🎨 Cache MISS, starting concurrent fetch (SB + API in parallel)...
[17:54:59] [Artwork] 🎨 Cache MISS, retaining previous artwork until replacement is ready
[17:54:59] [Artwork] 🎨 [SB] Starting ScriptingBridge fetch...
[17:54:59] [LyricsService] 🚀 fetchLyrics START: '啟程' by 'Christine Fan' dur=277.0 album='真善美' (forceRefresh=false, curSongID='下雨天|sandy lam blue jeans|are you ready|304', curDur=304.0, curAlbum='Are You Ready')
[17:54:59] [LyricsService] 🔄 Starting async lyrics fetch...
[17:54:59] [LyricsFetch] fetchAllSources caller=foreground songID='啟程|christine fan|真善美|277' album='真善美' dur=277.0
[17:54:59] [LyricsFetcher.swift:668] 🚀 fetchAllSources START: '啟程' by 'Christine Fan' (277s) album='真善美'
[17:54:59] [AMLL] 🔍 请求: '啟程' by 'Christine Fan' (277s)
[17:54:59] [NetEase] 🔍 搜索: '啟程' by 'Christine Fan' (277s) album='真善美'
[17:54:59] [QQMusic] 🔍 搜索: '啟程' by 'Christine Fan' (277s) album='真善美'
[17:54:59] [MetadataResolver] 🇨🇳 CN 搜索开始: '啟程' by 'Christine Fan' (277s)
[17:54:59] [NetEase] 🔑 关键词: ["启程 Christine Fan", "啟程 Christine Fan", "启程", "启程 真善美", "启程 真善美 Christine Fan", "真善美 Christine Fan", "Christine Fan"]
[17:54:59] [QQMusic] 🔑 关键词: ["启程 Christine Fan", "啟程 Christine Fan", "启程", "启程 真善美", "启程 真善美 Christine Fan", "真善美 Christine Fan", "Christine Fan", "启程"]
[17:54:59] [QQMusic] 🔎 title+artist: '启程 Christine Fan'
[17:54:59] [NetEase] 🔎 title+artist: '启程 Christine Fan'
[17:54:59] [Timing] 🔴 POLL DELAY: queueWait=0ms sbRead=84.0ms pos=0.00
[17:54:59] [Poll] 🔄 Track check via AppleScript — reason: radio backstop (1s)
[17:54:59] [Artwork] 🎨 [SB] SUCCESS! Got image (1074.0, 1200.0)
[17:54:59] [LyricsService] ⏭️ Skipping duplicate fetch: '啟程|christine fan|真善美|277' (currentSongID='啟程|christine fan|真善美|277')
[17:54:59] [QueuePreload] checkQueueHashAndRefresh reason=notification:com.apple.Music.playerInfo
[17:54:59] [Artwork] 🎨 [iTunes API] 命中: album='真善美' (目标='真善美') via '啟程 Christine Fan'
[17:54:59] [QueuePreload] checkQueueHash CHANGED reason=notification:com.apple.Music.playerInfo 'Music:1709:4D0779A96B36638F' -> 'Music:1709:1156100540E9B659' -> fetchUpNextQueue()
[17:54:59] [Playback] ⚠️ Apple Music recent tracks failed: Failed to request developer token
[17:54:59] [Playback] 🔍 [getUpNextTracksFromApp] outcome=success(playlistName: Optional("Music")) playlistName=Music kind=Apple Music AAC audio file trackCount=1709
[17:54:59] [QQMusic] 📦 title+artist: 0 个候选
[17:54:59] [QQMusic] 🎯 候选: 
[17:54:59] [QQMusic] 🔎 title+artist: '启程 Christine Fan'
[17:54:59] [QQMusic] 🔎 traditional: '啟程 Christine Fan'
[17:54:59] [QQMusic] 🔎 title+album: '启程 真善美'
[17:54:59] [QQMusic] 🔎 title only: '启程'
[17:54:59] [QQMusic] 🔎 album+artist: '真善美 Christine Fan'
[17:54:59] [QQMusic] 🔎 artist only: 'Christine Fan'
[17:54:59] [QQMusic] 🔎 title only: '启程'
[17:54:59] [QQMusic] 🔎 title+album+artist: '启程 真善美 Christine Fan'
[17:55:00] [QueuePreload] fetchUpNextViaBridge outcome=success(playlistName: Optional("Music")) didChange=true currentTrack='啟程' tracks=["This Time|album=\'This Time - Single\'|dur=186.01400756835938", "Chez Elise (Bande originale du film \"Les parapluies de Cherbourg\")|album=\'Les parapluies de Cherbourg (Bande originale du film)\'|dur=101.91999816894531"]
[17:55:00] [QueuePreload] preloadNearbyAssets scheduled currentTrack='啟程' validTracks=["This Time|album=\'This Time - Single\'|dur=186.01400756835938", "Chez Elise (Bande originale du film \"Les parapluies de Cherbourg\")|album=\'Les parapluies de Cherbourg (Bande originale du film)\'|dur=101.91999816894531"]
[17:55:00] [LRCLIB] 🔍 /search '啟程' by 'Christine Fan' (277s)
[17:55:00] [LRCLIB] 🔍 /get '啟程' by 'Christine Fan' (277s)
[17:55:00] [NetEase] 📦 title+artist: 20 个候选
[17:55:00] [NetEase] 🎯 候选: '启程' by '范玮琪' alb='真善美' q='title+artist' T=true A=false AL=true L=2 Δ0.8s, '启程' by '范玮琪' alb='Faces Of FanFan 新歌+精选32首全记录' q='title+artist' T=true A=false AL=false L=2 Δ0.8s, '启程' by '范玮琪' alb='最初的梦想' q='title+artist' T=true A=false AL=false L=2 Δ0.8s, '启程' by '范玮琪' alb='遇见100%幸福2 纯爱白盘' q='title+artist' T=true A=false AL=false L=2 Δ0.9s, '启程 (国语)' by '范玮琪' alb='爱情白皮书 电视原声带' q='title+artist' T=true A=false AL=false L=7 Δ4.0s
[17:55:00] [NetEase] ❌ 无匹配
[17:55:00] [NetEase] 🔎 title+artist: '启程 Christine Fan'
[17:55:00] [NetEase] 🔎 traditional: '啟程 Christine Fan'
[17:55:00] [NetEase] 🔎 title only: '启程'
[17:55:00] [NetEase] 🔎 title+album+artist: '启程 真善美 Christine Fan'
[17:55:00] [NetEase] 🔎 artist only: 'Christine Fan'
[17:55:00] [NetEase] 🔎 title+album: '启程 真善美'
[17:55:00] [NetEase] 🔎 album+artist: '真善美 Christine Fan'
[17:55:00] [AMLL] ❌ 未命中: 索引无匹配候选 [885ms]
[17:55:00] [LRCLIB] ❌ /get error for '啟程' by 'Christine Fan': notFound
[17:55:00] [NetEase] 🔗 CJK artist resolve: 'Christine Fan' → ["范玮琪", "范瑋琪"]
[17:55:00] [QQMusic] 🔎 alias+title:范玮琪: '启程 范玮琪'
[17:55:00] [QueuePreload] fetchRecentHistoryViaScriptingBridge didChange=true currentTrack='啟程' tracks=["下雨天|album=\'Are You Ready\'|dur=304.1470031738281", "Be My Venus|album=\'Stay in My Eyes\'|dur=318.1199951171875", "Nemurenai Diamond|album=\'GOLDEN BEST Junko Ohashi Sony Music Years\'|dur=297.67999267578125", "Looking For Love|album=\'LOVERS\'|dur=331.4800109863281", "Endless Stairs|album=\'Setting Out (feat. Simon Moullier,Joe Martin, Matt Penman,  Reuben Rogers, Miguel Russell, Ian Wacksman)\'|dur=494.6090087890625", "Roland Reve (From \"Lola\")|album=\'French New Wave 1957~1963\'|dur=136.61300659179688"]
[17:55:00] [QueuePreload] preloadNearbyAssets scheduled currentTrack='啟程' validTracks=["下雨天|album=\'Are You Ready\'|dur=304.1470031738281", "Be My Venus|album=\'Stay in My Eyes\'|dur=318.1199951171875", "Nemurenai Diamond|album=\'GOLDEN BEST Junko Ohashi Sony Music Years\'|dur=297.67999267578125", "Looking For Love|album=\'LOVERS\'|dur=331.4800109863281", "Endless Stairs|album=\'Setting Out (feat. Simon Moullier,Joe Martin, Matt Penman,  Reuben Rogers, Miguel Russell, Ian Wacksman)\'|dur=494.6090087890625", "Roland Reve (From \"Lola\")|album=\'French New Wave 1957~1963\'|dur=136.61300659179688"]
[17:55:00] [QQMusic] 📦 title only: 20 个候选
[17:55:00] [QQMusic] 📦 title only: 20 个候选
[17:55:00] [QQMusic] 🎯 候选: '启程' by '范玮琪' alb='真善美' q='title only' T=true A=false AL=true L=2 Δ0.0s, '启程（等到相遇的时刻）' by '方辰' alb='启程' q='title only' T=true A=false AL=false L=11 Δ4.0s, '启程' by '厦门二中合唱团' alb='年轮2018' q='title only' T=true A=false AL=false L=2 Δ12.0s, '启程' by '深海鱼子酱' alb='启程' q='title only' T=true A=false AL=false L=2 Δ12.0s, '启程' by '水木年华' alb='启程' q='title only' T=true A=false AL=false L=2 Δ15.0s
[17:55:00] [QQMusic] 🎯 候选: '启程' by '范玮琪' alb='真善美' q='title only' T=true A=false AL=true L=2 Δ0.0s, '启程（等到相遇的时刻）' by '方辰' alb='启程' q='title only' T=true A=false AL=false L=11 Δ4.0s, '启程' by '厦门二中合唱团' alb='年轮2018' q='title only' T=true A=false AL=false L=2 Δ12.0s, '启程' by '深海鱼子酱' alb='启程' q='title only' T=true A=false AL=false L=2 Δ12.0s, '启程' by '水木年华' alb='启程' q='title only' T=true A=false AL=false L=2 Δ15.0s
[17:55:00] [QQMusic] ❌ 无匹配
[17:55:00] [QQMusic] ❌ 无匹配
[17:55:00] [LRCLIB] ❌ /search empty for '啟程' by 'Christine Fan'
[17:55:00] [Artwork] 🎨 [API] SUCCESS! Got iTunes image (268.0, 300.0)
[17:55:00] [Artwork] 🎨 [iTunes] Apple artwork already applied for gen 3, discarding later result
[17:55:00] [NetEase] 🔗 CJK artist resolve: 'Christine Fan' → ["范玮琪", "范瑋琪"]
[17:55:00] [Artwork] 🎨 [PlaybackSession] no matching artwork URL for '啟程' by 'Christine Fan'
[17:55:00] [MetadataResolver] 🇨🇳 [CN] 搜索 '啟程 Christine Fan' 无结果
[17:55:00] [QQMusic] 📦 artist only: 20 个候选
[17:55:00] [NetEase] 🔗 CJK artist resolve: 'Christine Fan' → ["范玮琪", "范瑋琪"]
[17:55:00] [NetEase] 🔎 alias+title:范玮琪: '启程 范玮琪'
[17:55:00] [NetEase] 📦 title+artist: 20 个候选
[17:55:00] [QQMusic] 🎯 候选: '启程' by '范玮琪' alb='真善美' q='artist only' T=true A=false AL=true L=2 Δ0.0s, '心之火' by '范玮琪 / 徐洁儿' alb='乘风2026 第11期' q='artist only' T=false A=false AL=false L=3 Δ1.0s, '最亲爱的你' by '范玮琪' alb='爱，在一起Together' q='artist only' T=false A=false AL=false L=5 Δ7.0s, '灰色的彩虹' by '范玮琪' alb='F One' q='artist only' T=false A=false AL=false L=5 Δ15.0s, '最初的梦想' by '范玮琪' alb='最初的梦想' q='artist only' T=false A=false AL=false L=5 Δ19.0s
[17:55:00] [QQMusic] ✅ P2a: '启程' by '范玮琪' alb='真善美' q='artist only' AL=true L=2 Δ0.0s
[17:55:00] [NetEase] 🎯 候选: '启程' by '范玮琪' alb='真善美' q='title+artist' T=true A=false AL=true L=2 Δ0.8s, '启程' by '范玮琪' alb='Faces Of FanFan 新歌+精选32首全记录' q='title+artist' T=true A=false AL=false L=2 Δ0.8s, '启程' by '范玮琪' alb='最初的梦想' q='title+artist' T=true A=false AL=false L=2 Δ0.8s, '启程' by '范玮琪' alb='遇见100%幸福2 纯爱白盘' q='title+artist' T=true A=false AL=false L=2 Δ0.9s, '启程 (国语)' by '范玮琪' alb='爱情白皮书 电视原声带' q='title+artist' T=true A=false AL=false L=7 Δ4.0s
[17:55:00] [NetEase] ❌ 无匹配
[17:55:00] [NetEase] 📦 traditional: 20 个候选
[17:55:00] [NetEase] 📦 artist only: 20 个候选
[17:55:00] [NetEase] 🎯 候选: '启程' by '范玮琪' alb='真善美' q='traditional' T=true A=false AL=true L=2 Δ0.8s, '启程' by '范玮琪' alb='Faces Of FanFan 新歌+精选32首全记录' q='traditional' T=true A=false AL=false L=2 Δ0.8s, '启程' by '范玮琪' alb='最初的梦想' q='traditional' T=true A=false AL=false L=2 Δ0.8s, '启程' by '范玮琪' alb='遇见100%幸福2 纯爱白盘' q='traditional' T=true A=false AL=false L=2 Δ0.9s, '启程 (国语)' by '范玮琪' alb='爱情白皮书 电视原声带' q='traditional' T=true A=false AL=false L=7 Δ4.0s
[17:55:00] [NetEase] ❌ 无匹配
[17:55:00] [NetEase] 🎯 候选: '启程' by '范玮琪' alb='真善美' q='artist only' T=true A=false AL=true L=2 Δ0.8s, '你是答案' by '范玮琪' alb='哲学家' q='artist only' T=false A=false AL=false L=4 Δ4.4s, '最亲爱的你' by '范玮琪' alb='爱，在一起 Together' q='artist only' T=false A=false AL=false L=5 Δ7.8s, '如鱼' by '范玮琪' alb='如鱼' q='artist only' T=false A=false AL=false L=2 Δ8.4s, '我们之间的事' by '范玮琪' alb='最初的梦想' q='artist only' T=false A=false AL=false L=6 Δ10.2s
[17:55:00] [NetEase] ✅ P2a: '启程' by '范玮琪' alb='真善美' q='artist only' AL=true L=2 Δ0.8s
[17:55:00] [NetEase] 📦 title+album+artist: 20 个候选
[17:55:00] [NetEase] 🎯 候选: '启程' by '范玮琪' alb='真善美' q='title+album+artist' T=true A=false AL=true L=2 Δ0.8s, '启程' by '范玮琪' alb='Faces Of FanFan 新歌+精选32首全记录' q='title+album+artist' T=true A=false AL=false L=2 Δ0.8s, '启程' by '厦门六中合唱团' alb='2019鹭岛少年合唱音乐会' q='title+album+artist' T=true A=false AL=false L=2 Δ7.7s, '启程' by '深海鱼子酱' alb='' q='title+album+artist' T=true A=false AL=false L=2 Δ11.8s, '启程' by '厦门二中合唱团' alb='年轮2018' q='title+album+artist' T=true A=false AL=false L=2 Δ12.2s
[17:55:00] [NetEase] ❌ 无匹配
[17:55:00] [NetEase] 📦 title only: 20 个候选
[17:55:00] [NetEase] 🎯 候选: '启程' by '范玮琪' alb='真善美' q='title only' T=true A=false AL=true L=2 Δ0.8s, '启程' by '范玮琪' alb='Faces Of FanFan 新歌+精选32首全记录' q='title only' T=true A=false AL=false L=2 Δ0.8s, '启程' by '厦门六中合唱团' alb='2019鹭岛少年合唱音乐会' q='title only' T=true A=false AL=false L=2 Δ7.7s, '启程' by '星晨' alb='启程' q='title only' T=true A=false AL=false L=2 Δ11.3s, '启程' by '厦门二中合唱团' alb='年轮2018' q='title only' T=true A=false AL=false L=2 Δ12.2s
[17:55:00] [NetEase] ❌ 无匹配
[17:55:00] [NetEase] 📦 album+artist: 11 个候选
[17:55:00] [NetEase] 🎯 候选: '启程' by '范玮琪' alb='真善美' q='album+artist' T=true A=false AL=true L=2 Δ0.8s, '有你真好' by '范玮琪 / 杨丞琳' alb='真善美' q='album+artist' T=false A=false AL=true L=4 Δ0.9s, '我们之间的事' by '范玮琪' alb='真善美' q='album+artist' T=false A=false AL=true L=6 Δ10.2s, 'No Matter' by '范玮琪' alb='真善美' q='album+artist' T=false A=false AL=true L=9 Δ13.9s, '永恒' by '范玮琪' alb='真善美' q='album+artist' T=false A=false AL=true L=2 Δ15.4s
[17:55:00] [NetEase] ✅ P2a: '启程' by '范玮琪' alb='真善美' q='album+artist' AL=true L=2 Δ0.8s
[17:55:00] [NetEase] 📦 title+album: 20 个候选
[17:55:00] [NetEase] 🎯 候选: '启程' by '范玮琪' alb='真善美' q='title+album' T=true A=false AL=true L=2 Δ0.8s, '有你真好' by '范玮琪 / 杨丞琳' alb='真善美' q='title+album' T=false A=false AL=true L=4 Δ0.9s, '我们之间的事' by '范玮琪' alb='真善美' q='title+album' T=false A=false AL=true L=6 Δ10.2s, '永恒' by '范玮琪' alb='真善美' q='title+album' T=false A=false AL=true L=2 Δ15.4s
[17:55:00] [NetEase] ❌ 无匹配
[17:55:00] [QQMusic] 📦 title+album: 20 个候选
[17:55:00] [QQMusic] 📦 title+artist: 20 个候选
[17:55:00] [QQMusic] 📦 album+artist: 20 个候选
[17:55:00] [QQMusic] 📦 traditional: 20 个候选
[17:55:00] [QQMusic] 📦 title+album+artist: 20 个候选
[17:55:00] [QQMusic] 🎯 候选: '启程' by '范玮琪' alb='真善美' q='title+album' T=true A=false AL=true L=2 Δ0.0s, '启程（等到相遇的时刻）' by '方辰' alb='启程' q='title+album' T=true A=false AL=false L=11 Δ4.0s, '启程' by '水木年华' alb='生命的意义' q='title+album' T=true A=false AL=false L=2 Δ9.0s, '启程' by '深海鱼子酱' alb='启程' q='title+album' T=true A=false AL=false L=2 Δ12.0s, '启程' by '厦门二中合唱团' alb='年轮2018' q='title+album' T=true A=false AL=false L=2 Δ12.0s
[17:55:00] [QQMusic] ❌ 无匹配
[17:55:00] [QQMusic] 🎯 候选: '启程' by '范玮琪' alb='真善美' q='title+artist' T=true A=false AL=true L=2 Δ0.0s, '启程' by '范玮琪' alb='爱情白皮书 电视剧原声带' q='title+artist' T=true A=false AL=false L=2 Δ4.0s, '最亲爱的你' by '范玮琪' alb='爱，在一起Together' q='title+artist' T=false A=false AL=false L=5 Δ7.0s, '启程' by '范玮琪' alb='环球十周年飞越音乐经典演唱会' q='title+artist' T=true A=false AL=false L=2 Δ14.0s, '启程' by '水木年华' alb='启程' q='title+artist' T=true A=false AL=false L=2 Δ15.0s
[17:55:00] [QQMusic] ❌ 无匹配
[17:55:00] [QQMusic] 🎯 候选: '启程' by '范玮琪' alb='真善美' q='album+artist' T=true A=false AL=true L=2 Δ0.0s, '有你真好' by '范玮琪 / 杨丞琳' alb='真善美' q='album+artist' T=false A=false AL=true L=4 Δ1.0s, '我们之间的事' by '范玮琪' alb='真善美' q='album+artist' T=false A=false AL=true L=6 Δ10.0s, 'No Matter' by '范玮琪' alb='真善美' q='album+artist' T=false A=false AL=true L=9 Δ17.0s, '永恒' by '范玮琪' alb='真善美' q='album+artist' T=false A=false AL=true L=2 Δ19.0s
[17:55:00] [QQMusic] ✅ P2a: '启程' by '范玮琪' alb='真善美' q='album+artist' AL=true L=2 Δ0.0s
[17:55:00] [QQMusic] 🎯 候选: '启程' by '范玮琪' alb='真善美' q='traditional' T=true A=false AL=true L=2 Δ0.0s, '启程' by '范玮琪' alb='爱情白皮书 电视剧原声带' q='traditional' T=true A=false AL=false L=2 Δ4.0s, '最亲爱的你' by '范玮琪' alb='爱，在一起Together' q='traditional' T=false A=false AL=false L=5 Δ7.0s, '启程' by '范玮琪' alb='环球十周年飞越音乐经典演唱会' q='traditional' T=true A=false AL=false L=2 Δ14.0s, '启程' by '水木年华' alb='启程' q='traditional' T=true A=false AL=false L=2 Δ15.0s
[17:55:00] [QQMusic] ❌ 无匹配
[17:55:00] [QQMusic] 🎯 候选: '启程' by '范玮琪' alb='真善美' q='title+album+artist' T=true A=false AL=true L=2 Δ0.0s, '有你真好' by '范玮琪 / 杨丞琳' alb='真善美' q='title+album+artist' T=false A=false AL=true L=4 Δ1.0s, '我们的纪念日' by '范玮琪' alb='我们的纪念日' q='title+album+artist' T=false A=false AL=false L=6 Δ4.0s, '最亲爱的你' by '范玮琪' alb='爱，在一起Together' q='title+album+artist' T=false A=false AL=false L=5 Δ7.0s, '灰色的彩虹' by '范玮琪' alb='F One' q='title+album+artist' T=false A=false AL=false L=5 Δ15.0s
[17:55:00] [QQMusic] ❌ 无匹配
[17:55:01] [QQMusic] 📦 alias+title:范玮琪: 20 个候选
[17:55:01] [QQMusic] 🎯 候选: '启程' by '范玮琪' alb='真善美' q='alias+title:范玮琪' T=true A=true AL=true L=2 Δ0.0s, '启程' by '范玮琪' alb='爱情白皮书 电视剧原声带' q='alias+title:范玮琪' T=true A=true AL=false L=2 Δ4.0s, '最亲爱的你' by '范玮琪' alb='爱，在一起Together' q='alias+title:范玮琪' T=false A=true AL=false L=5 Δ7.0s, '启程' by '范玮琪' alb='环球十周年飞越音乐经典演唱会' q='alias+title:范玮琪' T=true A=true AL=false L=2 Δ14.0s, '启程' by '水木年华' alb='启程' q='alias+title:范玮琪' T=true A=false AL=false L=2 Δ15.0s
[17:55:01] [QQMusic] ✅ P1: '启程' by '范玮琪' alb='真善美' q='alias+title:范玮琪' AL=true L=2 Δ0.0s
[17:55:01] [QQMusic] ⚡ Fast exact match via 'alias+title:范玮琪' (albumMatch=true, Δ0.0s)
[17:55:01] [QQMusic] ✅ 找到 songMid=003ekVcn40xT09 albumMatch=true
[17:55:01] [NetEase] 📦 alias+title:范玮琪: 20 个候选
[17:55:01] [NetEase] 🎯 候选: '启程' by '范玮琪' alb='Faces Of FanFan 新歌+精选32首全记录' q='alias+title:范玮琪' T=true A=true AL=false L=2 Δ0.8s, '启程' by '范玮琪' alb='最初的梦想' q='alias+title:范玮琪' T=true A=true AL=false L=2 Δ0.8s, '启程' by '范玮琪' alb='真善美' q='alias+title:范玮琪' T=true A=true AL=true L=2 Δ0.8s, '启程' by '范玮琪' alb='遇见100%幸福2 纯爱白盘' q='alias+title:范玮琪' T=true A=true AL=false L=2 Δ0.9s, '启程 (国语)' by '范玮琪' alb='爱情白皮书 电视原声带' q='alias+title:范玮琪' T=true A=true AL=false L=7 Δ4.0s
[17:55:01] [NetEase] ✅ P1: '启程' by '范玮琪' alb='真善美' q='alias+title:范玮琪' AL=true L=2 Δ0.8s
[17:55:01] [NetEase] ⚡ Fast exact match via 'alias+title:范玮琪' (albumMatch=true, Δ0.8s)
[17:55:01] [NetEase] ✅ 找到 songId=229484 albumMatch=true
[17:55:01] [LyricsFetcher.swift:1335] ✅ QQ: score=72.5, lines=49, albumMatch=true
[17:55:01] [NetEase] 🎯 YRC word-level: 37 lines, 37 synced
[17:55:01] [LyricsFetcher.swift:1335] ✅ NetEase: score=100.0, lines=37, albumMatch=true
[17:55:01] [LyricsFetcher.swift:1391] ⚡ Early return: NetEase score=100.0 >= 70 albumMatch=true
[17:55:01] [LyricsFetcher.swift:1670] 🏁 fetchAllSources: 2 results in 1.8s (branch3=false)
[17:55:01] [LyricsResultSelection.swift:134] 🔬 selectBestResult: 2 results, 2 synced (QQ:synced/72,NetEase:synced/100)
[17:55:01] [LyricsResultSelection.swift:219] 🎯 Word-level pre-filter: keeping ["NetEase"], dropping ["QQ"]
[17:55:01] [LyricsResultSelection.swift:879] 🏆 Final selection: NetEase (score=100.0, kind=synced)
[17:55:01] [LyricsFetcher.swift:1707] ⏭️ fetchAllSources cancelled before result normalization
[17:55:01] [LyricsFetcher.swift:618] ⚡ apply-on-select: verdict at 1.842s, delivered at 1.842s
[17:55:01] [LyricsResultSelection.swift:134] 🔬 selectBestResult: 2 results, 2 synced (NetEase:synced/100,QQ:synced/72)
[17:55:01] [LyricsResultSelection.swift:219] 🎯 Word-level pre-filter: keeping ["NetEase"], dropping ["QQ"]
[17:55:01] [LyricsResultSelection.swift:879] 🏆 Final selection: NetEase (score=100.0, kind=synced)
[17:55:01] [LyricsService] 📦 Cached: '啟程|christine fan|真善美|277' (38 lines, unsynced=false)
[17:55:01] [LyricsService] 📋 Applied: '啟程|christine fan|真善美|277' 38L, firstReal="每一天 都有一些事情将会发生", unsynced=false
[17:55:01] [Timing] 📐 DRIFT CORRECTION: drift=-0.57s polled=1.43 interpolated=2.00
[17:55:01] [QueuePreload] preloadNextSongs SKIPPED (native lyrics renderer active on lyrics page) currentTrack='啟程'
[17:55:01] [MetadataResolver] 🇨🇳 [CN] 搜索 'Christine Fan' 无结果
[17:55:01] [MetadataResolver] 🇨🇳 [CN] 搜索 '啟程' 无结果
[17:55:01] [MetadataResolver] 🌏 inferRegions: '啟程' by 'Christine Fan' → ["JP", "TW", "HK"]
[17:55:01] [Playback] 🔍 [getUpNextTracksFromApp] outcome=success(playlistName: Optional("Music")) playlistName=Music kind=Apple Music AAC audio file trackCount=1709
[17:55:02] [QueuePreload] fetchUpNextViaBridge outcome=success(playlistName: Optional("Music")) didChange=false currentTrack='啟程' tracks=["This Time|album=\'This Time - Single\'|dur=186.01400756835938", "Chez Elise (Bande originale du film \"Les parapluies de Cherbourg\")|album=\'Les parapluies de Cherbourg (Bande originale du film)\'|dur=101.91999816894531"]
[17:55:03] [MetadataResolver] [JP] 搜索 '啟程 Christine Fan' 返回 4 条
[17:55:04] [MetadataResolver] [JP] 搜索 'Christine Fan' 返回 30 条
[17:55:04] [MetadataResolver] [JP] 搜索 '啟程' 返回 30 条
[17:55:04] [MetadataResolver] [JP] 候选(titleMatch): '啟程' by '范瑋琪' Δ0.83s
[17:55:04] [MetadataResolver] [JP] 候选(titleMatch): '啟程' by '范瑋琪' Δ0.83s
[17:55:04] [MetadataResolver] [JP] 候选(titleMatch): '啟程' by '范瑋琪' Δ0.83s
[17:55:04] [QueuePreload] queueMayHaveChanged notification=com.apple.Music.playerInfo
[17:55:04] [Artwork] 🎵 Track changed: 下雨天 - Sandy Lam & Blue Jeans
[17:55:04] [Artwork] 🎨 fetchArtwork: 下雨天 - Sandy Lam & Blue Jeans gen=4
[17:55:04] [Artwork] 🎨 Metadata cache HIT (meta:下雨天|sandy lam & blue jeans|are you ready)
[17:55:04] [LyricsService] 🚀 fetchLyrics START: '下雨天' by 'Sandy Lam & Blue Jeans' dur=304.0 album='Are You Ready' (forceRefresh=false, curSongID='啟程|christine fan|真善美|277', curDur=277.0, curAlbum='真善美')
[17:55:04] [LyricsService] 📦 Cache hit: '下雨天|sandy lam blue jeans|are you ready|304' (source=NetEase, score=100.0, isNoLyrics=false, unsynced=false, syllable=true, lines=60)
[17:55:04] [LyricsService] 📋 Applied: '下雨天|sandy lam blue jeans|are you ready|304' 60L, firstReal="又独行旧地", unsynced=false
[17:55:05] [Timing] 🔴 POLL DELAY: queueWait=0ms sbRead=90.0ms pos=0.00
[17:55:05] [LyricsService] ⏭️ Stability guard: '下雨天|sandy lam blue jeans|are you ready|304' blocked (0.3s since good lyrics)
[17:55:05] [QueuePreload] checkQueueHashAndRefresh reason=notification:com.apple.Music.playerInfo
[17:55:05] [QueuePreload] checkQueueHash CHANGED reason=notification:com.apple.Music.playerInfo 'Music:1709:1156100540E9B659' -> 'Music:1709:4D0779A96B36638F' -> fetchUpNextQueue()
[17:55:05] [QueuePreload] checkQueueHashAndRefresh reason=timer:30s
[17:55:05] [Playback] 🔍 [getUpNextTracksFromApp] outcome=success(playlistName: Optional("Music")) playlistName=Music kind=Apple Music AAC audio file trackCount=1709
[17:55:05] [QueuePreload] fetchUpNextViaBridge outcome=success(playlistName: Optional("Music")) didChange=true currentTrack='下雨天' tracks=["啟程|album=\'真善美\'|dur=277.8269958496094", "This Time|album=\'This Time - Single\'|dur=186.01400756835938"]
[17:55:05] [QueuePreload] preloadNearbyAssets scheduled currentTrack='下雨天' validTracks=["啟程|album=\'真善美\'|dur=277.8269958496094", "This Time|album=\'This Time - Single\'|dur=186.01400756835938"]
[17:55:05] [Timing] 🔴 POLL DELAY: queueWait=0ms sbRead=135.8ms pos=0.05
[17:55:05] [Poll] 🔄 Track check via AppleScript — reason: identity heartbeat (5s)
[17:55:05] [Timing] 📐 DRIFT CORRECTION: drift=-0.53s polled=0.05 interpolated=0.58
[17:55:05] [PlayerState] 📊 track='下雨天' pid='4D0779A96B36638F' dur=304.1470031738281 changed=false curPID='4D0779A96B36638F'
[17:55:05] [MetadataResolver] [TW] 搜索 '啟程 Christine Fan' 返回 30 条
[17:55:05] [MetadataResolver] [HK] 搜索 '啟程 Christine Fan' 返回 30 条
[17:55:06] [Timing] 🔴 POLL DELAY: queueWait=0ms sbRead=87.3ms pos=0.52
[17:55:06] [QueuePreload] preloadNextSongs SKIPPED (native lyrics renderer active on lyrics page) currentTrack='下雨天'
[17:55:07] [MetadataResolver] [TW] 搜索 'Christine Fan' 返回 30 条
[17:55:07] [MetadataResolver] [HK] 搜索 'Christine Fan' 返回 30 条
[17:55:07] [MetadataResolver] [HK] 搜索 '啟程' 返回 30 条
[17:55:07] [MetadataResolver] [TW] 搜索 '啟程' 返回 30 条
[17:55:07] [MetadataResolver] [TW] 候选(titleMatch): '啟程' by '范瑋琪' Δ0.83s
[17:55:07] [MetadataResolver] [HK] 候选(titleMatch): '啟程' by '范瑋琪' Δ0.83s
[17:55:07] [MetadataResolver] [TW] 候选(titleMatch): '啟程' by '范瑋琪' Δ0.83s
[17:55:07] [MetadataResolver] [HK] 候选(titleMatch): '啟程' by '范瑋琪' Δ0.83s
[17:55:07] [MetadataResolver] [TW] 候选(titleMatch): '啟程' by '范瑋琪' Δ0.83s
[17:55:07] [MetadataResolver] [HK] 候选(titleMatch): '啟程' by '范瑋琪' Δ0.83s
[17:55:07] [MetadataResolver] 🔍 区域结果: '啟程' by '范瑋琪' (region: JP, Δ0.83s)
[17:55:07] [MetadataResolver] ✅ 多区域解析成功: '啟程' by '范瑋琪' (region: JP, Δ0.83s)
[17:55:07] [Playback] 🔍 [getUpNextTracksFromApp] outcome=success(playlistName: Optional("Music")) playlistName=Music kind=Apple Music AAC audio file trackCount=1709
[17:55:07] [QueuePreload] fetchUpNextViaBridge outcome=success(playlistName: Optional("Music")) didChange=false currentTrack='下雨天' tracks=["啟程|album=\'真善美\'|dur=277.8269958496094", "This Time|album=\'This Time - Single\'|dur=186.01400756835938"]
[17:55:35] [QueuePreload] checkQueueHashAndRefresh reason=timer:30s
[17:55:35] [PlayerState] 📊 track='下雨天' pid='4D0779A96B36638F' dur=304.146 changed=false curPID='4D0779A96B36638F'
[17:56:05] [QueuePreload] checkQueueHashAndRefresh reason=timer:30s
[17:56:05] [PlayerState] 📊 track='下雨天' pid='4D0779A96B36638F' dur=304.146 changed=false curPID='4D0779A96B36638F'
[17:56:06] [Poll] 🔄 Track check via AppleScript — reason: identity heartbeat (5s)
[17:56:07] [LineGaps] phase=manualStart idx=0 anchor=42.0 rows=[0:y=43.2 h=43.7 s=0.95 g=8.2 b=0.0][1:y=95.0 h=38.0 s=0.95 g=8.0 b=0.0][2:y=141.0 h=38.0 s=0.95 g=8.0 b=0.0][3:y=187.0 h=38.0 s=0.95 g=- b=0.0]
[17:56:11] [Poll] 🔄 Track check via AppleScript — reason: identity heartbeat (5s)
[17:56:14] [ActiveBrightness] idx=5 rowOp=0.999 bright=1.000 dimTier=0.35 eff=0.999 deferred=- occluded=0 loop=1 sinceUnoccluded=-
[17:56:14] [LineGaps] idx=5 anchor=42.0 rows=[3:y=-73.0 h=38.0 s=0.95 g=8.6 b=1.5][4:y=-26.4 h=60.8 s=0.95 g=7.6 b=0.5][5:y=42.0 h=40.0 s=1.00 g=7.0 b=0.0][6:y=89.0 h=38.0 s=0.95 g=8.0 b=0.5][7:y=134.9 h=38.0 s=0.95 g=8.5 b=1.5][8:y=181.4 h=60.8 s=0.95 g=- b=2.0]
[17:56:15] [QueuePreload] queueMayHaveChanged notification=com.apple.Music.playerInfo
[17:56:15] [Timing] 🔴 POLL DELAY: queueWait=0ms sbRead=80.4ms pos=40.42
[17:56:15] [QueuePreload] checkQueueHashAndRefresh reason=notification:com.apple.Music.playerInfo
[17:56:18] [Poll] 🔄 Track check via AppleScript — reason: identity heartbeat (5s)
[17:56:20] [ActiveBrightness] idx=6 rowOp=0.999 bright=1.000 dimTier=0.35 eff=0.999 deferred=- occluded=0 loop=1 sinceUnoccluded=-
[17:56:20] [LineGaps] idx=6 anchor=42.0 rows=[4:y=-72.4 h=60.8 s=0.95 g=8.6 b=1.5][5:y=-3.0 h=38.0 s=0.95 g=7.0 b=0.5][6:y=42.0 h=40.0 s=1.00 g=7.0 b=0.0][7:y=89.0 h=38.0 s=0.95 g=8.6 b=0.5][8:y=135.5 h=60.8 s=0.95 g=8.5 b=1.5][9:y=204.9 h=38.0 s=0.95 g=- b=2.0]
[17:56:25] [Poll] 🔄 Track check via AppleScript — reason: identity heartbeat (5s)
[17:56:25] [ActiveBrightness] idx=7 rowOp=0.999 bright=1.000 dimTier=0.35 eff=0.999 deferred=- occluded=0 loop=1 sinceUnoccluded=-
[17:56:25] [LineGaps] idx=7 anchor=42.0 rows=[5:y=-49.0 h=38.0 s=0.95 g=8.0 b=1.5][6:y=-3.0 h=38.0 s=0.95 g=7.0 b=0.5][7:y=42.0 h=40.0 s=1.00 g=7.6 b=0.0][8:y=89.6 h=60.8 s=0.95 g=8.6 b=0.5][9:y=158.9 h=38.0 s=0.95 g=7.9 b=1.5][10:y=204.9 h=38.0 s=0.95 g=- b=2.0]
[17:56:28] [ActiveBrightness] idx=8 rowOp=0.999 bright=1.000 dimTier=0.35 eff=0.999 deferred=- occluded=0 loop=1 sinceUnoccluded=-
[17:56:28] [LineGaps] idx=8 anchor=42.0 rows=[6:y=-49.0 h=38.0 s=0.95 g=8.0 b=1.5][7:y=-3.0 h=38.0 s=0.95 g=7.0 b=0.5][8:y=42.0 h=64.0 s=1.00 g=7.0 b=0.0][9:y=113.0 h=38.0 s=0.95 g=8.0 b=0.5][10:y=158.9 h=38.0 s=0.95 g=8.5 b=1.5][11:y=205.5 h=60.8 s=0.95 g=- b=2.0]
[17:56:31] [Poll] 🔄 Track check via AppleScript — reason: identity heartbeat (5s)
[17:56:33] [ActiveBrightness] idx=9 rowOp=0.999 bright=1.000 dimTier=0.35 eff=0.999 deferred=- occluded=0 loop=1 sinceUnoccluded=-
[17:56:33] [LineGaps] idx=9 anchor=42.0 rows=[7:y=-73.0 h=38.0 s=0.95 g=8.6 b=1.5][8:y=-26.4 h=60.8 s=0.95 g=7.6 b=0.5][9:y=42.0 h=40.0 s=1.00 g=7.0 b=0.0][10:y=89.0 h=38.0 s=0.95 g=8.5 b=0.5][11:y=135.5 h=60.8 s=0.95 g=9.1 b=1.5][12:y=205.4 h=60.8 s=0.95 g=- b=2.0]
[17:56:35] [QueuePreload] checkQueueHashAndRefresh reason=timer:30s
[17:56:35] [PlayerState] 📊 track='下雨天' pid='4D0779A96B36638F' dur=304.146 changed=false curPID='4D0779A96B36638F'
[17:56:36] [ActiveBrightness] idx=10 rowOp=0.999 bright=1.000 dimTier=0.35 eff=0.999 deferred=- occluded=0 loop=1 sinceUnoccluded=-
[17:56:36] [LineGaps] idx=10 anchor=42.0 rows=[8:y=-72.4 h=60.8 s=0.95 g=8.6 b=1.5][9:y=-3.0 h=38.0 s=0.95 g=7.0 b=0.5][10:y=42.0 h=40.0 s=1.00 g=7.6 b=0.0][11:y=89.6 h=60.8 s=0.95 g=9.2 b=0.5][12:y=159.6 h=60.8 s=0.95 g=9.2 b=1.5][13:y=229.5 h=60.8 s=0.95 g=- b=2.0]
[17:56:37] [Poll] 🔄 Track check via AppleScript — reason: identity heartbeat (5s)
[17:56:38] [ActiveBrightness] idx=11 rowOp=0.999 bright=1.000 dimTier=0.35 eff=0.999 deferred=- occluded=0 loop=1 sinceUnoccluded=-
[17:56:38] [LineGaps] idx=11 anchor=42.0 rows=[9:y=-49.0 h=38.0 s=0.95 g=8.0 b=1.5][10:y=-3.0 h=38.0 s=0.95 g=7.0 b=0.5][11:y=42.0 h=64.0 s=1.00 g=7.6 b=0.0][12:y=113.6 h=60.8 s=0.95 g=9.2 b=0.5][13:y=183.5 h=60.8 s=0.95 g=8.5 b=1.5][14:y=252.9 h=38.0 s=0.95 g=- b=2.0]
[17:56:43] [ActiveBrightness] idx=12 rowOp=0.999 bright=1.000 dimTier=0.35 eff=0.999 deferred=- occluded=0 loop=1 sinceUnoccluded=-
[17:56:43] [Poll] 🔄 Track check via AppleScript — reason: identity heartbeat (5s)
[17:56:43] [LineGaps] idx=12 anchor=42.0 rows=[10:y=-73.0 h=38.0 s=0.95 g=8.6 b=1.5][11:y=-26.4 h=60.8 s=0.95 g=7.6 b=0.5][12:y=42.0 h=64.0 s=1.00 g=7.6 b=0.0][13:y=113.6 h=60.8 s=0.95 g=8.5 b=0.5][14:y=182.9 h=38.0 s=0.95 g=8.5 b=1.5][15:y=229.4 h=60.8 s=0.95 g=- b=2.0]
[17:56:47] [ActiveBrightness] idx=13 rowOp=0.999 bright=1.000 dimTier=0.35 eff=0.999 deferred=- occluded=0 loop=1 sinceUnoccluded=-
[17:56:47] [LineGaps] idx=13 anchor=42.0 rows=[11:y=-96.4 h=60.8 s=0.95 g=9.2 b=1.5][12:y=-26.4 h=60.8 s=0.95 g=7.6 b=0.5][13:y=42.0 h=64.0 s=1.00 g=7.0 b=0.0][14:y=113.0 h=38.0 s=0.95 g=8.5 b=0.5][15:y=159.5 h=60.8 s=0.95 g=9.1 b=1.5][16:y=229.4 h=60.8 s=0.95 g=- b=2.0]
[17:56:49] [Poll] 🔄 Track check via AppleScript — reason: identity heartbeat (5s)
[17:56:51] [ActiveBrightness] idx=14 rowOp=0.999 bright=1.000 dimTier=0.35 eff=0.999 deferred=- occluded=0 loop=1 sinceUnoccluded=-
[17:56:51] [LineGaps] idx=14 anchor=42.0 rows=[12:y=-96.4 h=60.8 s=0.95 g=9.2 b=1.5][13:y=-26.4 h=60.8 s=0.95 g=7.6 b=0.5][14:y=42.0 h=40.0 s=1.00 g=7.6 b=0.0][15:y=89.6 h=60.8 s=0.95 g=9.1 b=0.5][16:y=159.5 h=60.8 s=0.95 g=9.1 b=1.5][17:y=229.4 h=60.8 s=0.95 g=- b=2.0]
[17:56:55] [ActiveBrightness] idx=15 rowOp=0.999 bright=1.000 dimTier=0.35 eff=0.999 deferred=- occluded=0 loop=1 sinceUnoccluded=-
[17:56:55] [Poll] 🔄 Track check via AppleScript — reason: identity heartbeat (5s)
[17:56:55] [LineGaps] idx=15 anchor=42.0 rows=[13:y=-72.4 h=60.8 s=0.95 g=8.6 b=1.5][14:y=-3.0 h=38.0 s=0.95 g=7.0 b=0.5][15:y=42.0 h=64.0 s=1.00 g=7.6 b=0.0][16:y=113.6 h=60.8 s=0.95 g=9.2 b=0.5][17:y=183.5 h=60.8 s=0.95 g=9.1 b=1.5][18:y=253.5 h=60.8 s=0.95 g=- b=2.0]
[17:56:59] [ActiveBrightness] idx=16 rowOp=0.999 bright=1.000 dimTier=0.35 eff=0.999 deferred=- occluded=0 loop=1 sinceUnoccluded=-
[17:56:59] [LineGaps] idx=16 anchor=42.0 rows=[14:y=-73.0 h=38.0 s=0.95 g=8.6 b=1.5][15:y=-26.4 h=60.8 s=0.95 g=7.6 b=0.5][16:y=42.0 h=64.0 s=1.00 g=7.6 b=0.0][17:y=113.6 h=60.8 s=0.95 g=9.1 b=0.5][18:y=183.5 h=60.8 s=0.95 g=8.5 b=1.5][19:y=252.8 h=38.0 s=0.95 g=- b=2.0]
[17:57:01] [Poll] 🔄 Track check via AppleScript — reason: identity heartbeat (5s)
[17:57:03] [ActiveBrightness] idx=17 rowOp=0.999 bright=1.000 dimTier=0.35 eff=0.999 deferred=- occluded=0 loop=1 sinceUnoccluded=-
[17:57:03] [LineGaps] idx=17 anchor=42.0 rows=[15:y=-96.4 h=60.8 s=0.95 g=9.2 b=1.5][16:y=-26.4 h=60.8 s=0.95 g=7.6 b=0.5][17:y=42.0 h=64.0 s=1.00 g=7.6 b=0.0][18:y=113.6 h=60.8 s=0.95 g=8.5 b=0.5][19:y=182.9 h=38.0 s=0.95 g=7.9 b=1.5][20:y=228.8 h=38.0 s=0.95 g=- b=2.0]
[17:57:05] [QueuePreload] checkQueueHashAndRefresh reason=timer:30s
[17:57:05] [PlayerState] 📊 track='下雨天' pid='4D0779A96B36638F' dur=304.146 changed=false curPID='4D0779A96B36638F'
[17:57:07] [Poll] 🔄 Track check via AppleScript — reason: identity heartbeat (5s)
[17:57:07] [ActiveBrightness] idx=18 rowOp=0.999 bright=1.000 dimTier=0.35 eff=0.999 deferred=- occluded=0 loop=1 sinceUnoccluded=-
[17:57:07] [Timing] 🔴 POLL DELAY: queueWait=0ms sbRead=78.6ms pos=89.92
[17:57:08] [LineGaps] idx=18 anchor=42.0 rows=[16:y=-96.4 h=60.8 s=0.95 g=9.2 b=1.5][17:y=-26.4 h=60.8 s=0.95 g=7.6 b=0.5][18:y=42.0 h=64.0 s=1.00 g=7.0 b=0.0][19:y=113.0 h=38.0 s=0.95 g=7.9 b=0.5][20:y=158.9 h=38.0 s=0.95 g=8.0 b=1.5][21:y=204.9 h=38.0 s=0.95 g=- b=2.0]
[17:57:19] [QueuePreload] queueMayHaveChanged notification=com.apple.Music.playerInfo
[17:57:19] [Poll] 🔄 Track check via AppleScript — reason: identity heartbeat (5s)
[17:57:19] [QueuePreload] checkQueueHashAndRefresh reason=notification:com.apple.Music.playerInfo
[17:57:25] [Poll] 🔄 Track check via AppleScript — reason: identity heartbeat (5s)
[17:57:29] [ActiveBrightness] idx=20 rowOp=0.999 bright=1.000 dimTier=0.35 eff=0.999 deferred=- occluded=0 loop=1 sinceUnoccluded=-
[17:57:29] [LineGaps] idx=20 anchor=42.0 rows=[18:y=-72.4 h=60.8 s=0.95 g=8.6 b=1.5][19:y=-3.0 h=38.0 s=0.95 g=7.0 b=0.5][20:y=42.0 h=40.0 s=1.00 g=7.0 b=0.0][21:y=89.0 h=38.0 s=0.95 g=8.6 b=0.5][22:y=135.5 h=60.8 s=0.95 g=8.5 b=1.5][23:y=204.9 h=38.0 s=0.95 g=- b=2.0]
[17:57:31] [Poll] 🔄 Track check via AppleScript — reason: identity heartbeat (5s)
[17:57:34] [ActiveBrightness] idx=21 rowOp=0.999 bright=1.000 dimTier=0.35 eff=0.999 deferred=- occluded=0 loop=1 sinceUnoccluded=-
[17:57:35] [LineGaps] idx=21 anchor=42.0 rows=[19:y=-49.0 h=38.0 s=0.95 g=8.0 b=1.5][20:y=-3.0 h=38.0 s=0.95 g=7.0 b=0.5][21:y=42.0 h=40.0 s=1.00 g=7.6 b=0.0][22:y=89.6 h=60.8 s=0.95 g=8.6 b=0.5][23:y=158.9 h=38.0 s=0.95 g=7.9 b=1.5][24:y=204.9 h=38.0 s=0.95 g=- b=2.0]
[17:57:35] [QueuePreload] checkQueueHashAndRefresh reason=timer:30s
[17:57:35] [PlayerState] 📊 track='下雨天' pid='4D0779A96B36638F' dur=304.146 changed=false curPID='4D0779A96B36638F'
[17:57:37] [Poll] 🔄 Track check via AppleScript — reason: identity heartbeat (5s)
[17:57:38] [ActiveBrightness] idx=22 rowOp=0.999 bright=1.000 dimTier=0.35 eff=0.999 deferred=- occluded=0 loop=1 sinceUnoccluded=-
[17:57:39] [LineGaps] idx=22 anchor=42.0 rows=[20:y=-49.0 h=38.0 s=0.95 g=8.0 b=1.5][21:y=-3.0 h=38.0 s=0.95 g=7.0 b=0.5][22:y=42.0 h=64.0 s=1.00 g=7.0 b=0.0][23:y=113.0 h=38.0 s=0.95 g=8.0 b=0.5][24:y=158.9 h=38.0 s=0.95 g=7.9 b=1.5][25:y=204.9 h=38.0 s=0.95 g=- b=2.0]
[17:57:43] [Poll] 🔄 Track check via AppleScript — reason: identity heartbeat (5s)
[17:57:46] [ActiveBrightness] idx=23 rowOp=0.999 bright=1.000 dimTier=0.35 eff=0.999 deferred=- occluded=0 loop=1 sinceUnoccluded=-
[17:57:46] [LineGaps] idx=23 anchor=42.0 rows=[21:y=-73.0 h=38.0 s=0.95 g=8.6 b=1.5][22:y=-26.4 h=60.8 s=0.95 g=7.6 b=0.5][23:y=42.0 h=40.0 s=1.00 g=7.0 b=0.0][24:y=89.0 h=38.0 s=0.95 g=7.9 b=0.5][25:y=134.9 h=38.0 s=0.95 g=7.9 b=1.5][26:y=180.8 h=38.0 s=0.95 g=- b=2.0]
[17:57:49] [Poll] 🔄 Track check via AppleScript — reason: identity heartbeat (5s)
[17:57:58] [ActiveBrightness] idx=26 rowOp=0.999 bright=1.000 dimTier=0.35 eff=0.999 deferred=- occluded=0 loop=1 sinceUnoccluded=-
[17:57:58] [LineGaps] idx=26 anchor=42.0 rows=[24:y=-49.0 h=38.0 s=0.95 g=8.0 b=1.5][25:y=-3.0 h=38.0 s=0.95 g=7.0 b=0.5][26:y=42.0 h=40.0 s=1.00 g=7.0 b=0.0][27:y=89.0 h=38.0 s=0.95 g=8.6 b=0.5][28:y=135.5 h=60.8 s=0.95 g=8.5 b=1.5][29:y=204.9 h=38.0 s=0.95 g=- b=2.0]
[17:57:59] [Poll] 🔄 Track check via AppleScript — reason: identity heartbeat (5s)
[17:58:04] [ActiveBrightness] idx=27 rowOp=0.999 bright=1.000 dimTier=0.35 eff=0.999 deferred=- occluded=0 loop=1 sinceUnoccluded=-
[17:58:04] [LineGaps] idx=27 anchor=42.0 rows=[25:y=-49.0 h=38.0 s=0.95 g=8.0 b=1.5][26:y=-3.0 h=38.0 s=0.95 g=7.0 b=0.5][27:y=42.0 h=40.0 s=1.00 g=7.6 b=0.0][28:y=89.6 h=60.8 s=0.95 g=8.6 b=0.5][29:y=158.9 h=38.0 s=0.95 g=7.9 b=1.5][30:y=204.9 h=38.0 s=0.95 g=- b=2.0]
[17:58:05] [QueuePreload] checkQueueHashAndRefresh reason=timer:30s
[17:58:05] [Poll] 🔄 Track check via AppleScript — reason: identity heartbeat (5s)
[17:58:05] [PlayerState] 📊 track='下雨天' pid='4D0779A96B36638F' dur=304.146 changed=false curPID='4D0779A96B36638F'
[17:58:06] [ActiveBrightness] idx=28 rowOp=0.999 bright=1.000 dimTier=0.35 eff=0.999 deferred=- occluded=0 loop=1 sinceUnoccluded=-
[17:58:06] [LineGaps] idx=28 anchor=42.0 rows=[26:y=-49.0 h=38.0 s=0.95 g=8.0 b=1.5][27:y=-3.0 h=38.0 s=0.95 g=7.0 b=0.5][28:y=42.0 h=64.0 s=1.00 g=7.0 b=0.0][29:y=113.0 h=38.0 s=0.95 g=8.0 b=0.5][30:y=158.9 h=38.0 s=0.95 g=7.9 b=1.5][31:y=204.9 h=38.0 s=0.95 g=- b=2.0]
[17:58:11] [Poll] 🔄 Track check via AppleScript — reason: identity heartbeat (5s)
[17:58:11] [ActiveBrightness] idx=29 rowOp=0.999 bright=1.000 dimTier=0.35 eff=0.999 deferred=- occluded=0 loop=1 sinceUnoccluded=-
[17:58:12] [LineGaps] idx=29 anchor=42.0 rows=[27:y=-73.0 h=38.0 s=0.95 g=8.6 b=1.5][28:y=-26.4 h=60.8 s=0.95 g=7.6 b=0.5][29:y=42.0 h=40.0 s=1.00 g=7.0 b=0.0][30:y=89.0 h=38.0 s=0.95 g=7.9 b=0.5][31:y=134.9 h=38.0 s=0.95 g=8.5 b=1.5][32:y=181.4 h=60.8 s=0.95 g=- b=2.0]
[17:58:14] [ActiveBrightness] idx=30 rowOp=0.999 bright=1.000 dimTier=0.35 eff=0.999 deferred=- occluded=0 loop=1 sinceUnoccluded=-
[17:58:14] [LineGaps] idx=30 anchor=42.0 rows=[28:y=-72.4 h=60.8 s=0.95 g=8.6 b=1.5][29:y=-3.0 h=38.0 s=0.95 g=7.0 b=0.5][30:y=42.0 h=40.0 s=1.00 g=7.0 b=0.0][31:y=89.0 h=38.0 s=0.95 g=8.6 b=0.5][32:y=135.5 h=60.8 s=0.95 g=8.5 b=1.5][33:y=204.9 h=38.0 s=0.95 g=- b=2.0]
[17:58:17] [Poll] 🔄 Track check via AppleScript — reason: identity heartbeat (5s)
[17:58:19] [ActiveBrightness] idx=31 rowOp=0.999 bright=1.000 dimTier=0.35 eff=0.999 deferred=- occluded=0 loop=1 sinceUnoccluded=-
[17:58:20] [LineGaps] idx=31 anchor=42.0 rows=[29:y=-49.0 h=38.0 s=0.95 g=8.0 b=1.5][30:y=-3.0 h=38.0 s=0.95 g=7.0 b=0.5][31:y=42.0 h=40.0 s=1.00 g=7.6 b=0.0][32:y=89.6 h=60.8 s=0.95 g=8.6 b=0.5][33:y=158.9 h=38.0 s=0.95 g=7.9 b=1.5][34:y=204.9 h=38.0 s=0.95 g=- b=2.0]
[17:58:22] [ActiveBrightness] idx=32 rowOp=0.999 bright=1.000 dimTier=0.35 eff=0.999 deferred=- occluded=0 loop=1 sinceUnoccluded=-
[17:58:22] [LineGaps] idx=32 anchor=42.0 rows=[30:y=-49.0 h=38.0 s=0.95 g=8.0 b=1.5][31:y=-3.0 h=38.0 s=0.95 g=7.0 b=0.5][32:y=42.0 h=64.0 s=1.00 g=7.0 b=0.0][33:y=113.0 h=38.0 s=0.95 g=8.0 b=0.5][34:y=158.9 h=38.0 s=0.95 g=8.5 b=1.5][35:y=205.5 h=60.8 s=0.95 g=- b=2.0]
[17:58:23] [Poll] 🔄 Track check via AppleScript — reason: identity heartbeat (5s)
[17:58:28] [ActiveBrightness] idx=33 rowOp=0.999 bright=1.000 dimTier=0.35 eff=0.999 deferred=- occluded=0 loop=1 sinceUnoccluded=-
[17:58:28] [LineGaps] idx=33 anchor=42.0 rows=[31:y=-73.0 h=38.0 s=0.95 g=8.6 b=1.5][32:y=-26.4 h=60.8 s=0.95 g=7.6 b=0.5][33:y=42.0 h=40.0 s=1.00 g=7.0 b=0.0][34:y=89.0 h=38.0 s=0.95 g=8.5 b=0.5][35:y=135.5 h=60.8 s=0.95 g=9.1 b=1.5][36:y=205.4 h=60.8 s=0.95 g=- b=2.0]
[17:58:29] [Poll] 🔄 Track check via AppleScript — reason: identity heartbeat (5s)
[17:58:30] [ActiveBrightness] idx=34 rowOp=0.999 bright=1.000 dimTier=0.35 eff=0.999 deferred=- occluded=0 loop=1 sinceUnoccluded=-
[17:58:30] [LineGaps] idx=34 anchor=42.0 rows=[32:y=-72.4 h=60.8 s=0.95 g=8.6 b=1.5][33:y=-3.0 h=38.0 s=0.95 g=7.0 b=0.5][34:y=42.0 h=40.0 s=1.00 g=7.6 b=0.0][35:y=89.6 h=60.8 s=0.95 g=9.2 b=0.5][36:y=159.5 h=60.8 s=0.95 g=9.2 b=1.5][37:y=229.5 h=60.8 s=0.95 g=- b=2.0]
[17:58:32] [ActiveBrightness] idx=35 rowOp=0.999 bright=1.000 dimTier=0.35 eff=0.999 deferred=- occluded=0 loop=1 sinceUnoccluded=-
[17:58:32] [LineGaps] idx=35 anchor=42.0 rows=[33:y=-49.0 h=38.0 s=0.95 g=8.0 b=1.5][34:y=-3.0 h=38.0 s=0.95 g=7.0 b=0.5][35:y=42.0 h=64.0 s=1.00 g=7.6 b=0.0][36:y=113.6 h=60.8 s=0.95 g=9.2 b=0.5][37:y=183.5 h=60.8 s=0.95 g=8.5 b=1.5][38:y=252.9 h=38.0 s=0.95 g=- b=2.0]
[17:58:35] [QueuePreload] checkQueueHashAndRefresh reason=timer:30s
[17:58:35] [Poll] 🔄 Track check via AppleScript — reason: identity heartbeat (5s)
[17:58:35] [PlayerState] 📊 track='下雨天' pid='4D0779A96B36638F' dur=304.146 changed=false curPID='4D0779A96B36638F'
[17:58:37] [ActiveBrightness] idx=36 rowOp=0.999 bright=1.000 dimTier=0.35 eff=0.999 deferred=- occluded=0 loop=1 sinceUnoccluded=-
[17:58:37] [LineGaps] idx=36 anchor=42.0 rows=[34:y=-73.0 h=38.0 s=0.95 g=8.6 b=1.5][35:y=-26.4 h=60.8 s=0.95 g=7.6 b=0.5][36:y=42.0 h=64.0 s=1.00 g=7.6 b=0.0][37:y=113.6 h=60.8 s=0.95 g=8.5 b=0.5][38:y=182.9 h=38.0 s=0.95 g=8.5 b=1.5][39:y=229.4 h=60.8 s=0.95 g=- b=2.0]
[17:58:41] [Poll] 🔄 Track check via AppleScript — reason: identity heartbeat (5s)
[17:58:41] [ActiveBrightness] idx=37 rowOp=0.999 bright=1.000 dimTier=0.35 eff=0.999 deferred=- occluded=0 loop=1 sinceUnoccluded=-
[17:58:42] [LineGaps] idx=37 anchor=42.0 rows=[35:y=-96.4 h=60.8 s=0.95 g=9.2 b=1.5][36:y=-26.4 h=60.8 s=0.95 g=7.6 b=0.5][37:y=42.0 h=64.0 s=1.00 g=7.0 b=0.0][38:y=113.0 h=38.0 s=0.95 g=8.5 b=0.5][39:y=159.5 h=60.8 s=0.95 g=9.1 b=1.5][40:y=229.4 h=60.8 s=0.95 g=- b=2.0]
[17:58:42] [QueuePreload] queueMayHaveChanged notification=com.apple.Music.playerInfo
[17:58:42] [Timing] 📐 DRIFT CORRECTION: drift=-188.30s polled=0.00 interpolated=188.30
[17:58:42] [Artwork] 🎵 Track changed: 啟程 - Christine Fan
[17:58:42] [Artwork] 🎨 fetchArtwork: 啟程 - Christine Fan gen=5
[17:58:42] [Artwork] 🎨 Metadata cache HIT (meta:启程|christine fan|真善美)
[17:58:42] [LyricsService] 🚀 fetchLyrics START: '啟程' by 'Christine Fan' dur=277.0 album='真善美' (forceRefresh=false, curSongID='下雨天|sandy lam blue jeans|are you ready|304', curDur=304.0, curAlbum='Are You Ready')
[17:58:42] [LyricsService] 📦 Cache hit: '啟程|christine fan|真善美|277' (source=NetEase, score=100.0, isNoLyrics=false, unsynced=false, syllable=true, lines=38)
[17:58:42] [LyricsService] 📋 Applied: '啟程|christine fan|真善美|277' 38L, firstReal="每一天 都有一些事情将会发生", unsynced=false
[17:58:42] [Timing] 🔴 POLL DELAY: queueWait=0ms sbRead=122.2ms pos=0.00
[17:58:43] [LyricsService] ⏭️ Stability guard: '啟程|christine fan|真善美|277' blocked (0.3s since good lyrics)
[17:58:43] [QueuePreload] checkQueueHashAndRefresh reason=notification:com.apple.Music.playerInfo
[17:58:43] [QueuePreload] checkQueueHash CHANGED reason=notification:com.apple.Music.playerInfo 'Music:1709:4D0779A96B36638F' -> 'Music:1709:1156100540E9B659' -> fetchUpNextQueue()
[17:58:43] [Playback] ⚠️ Apple Music recent tracks failed: Failed to request developer token
[17:58:43] [Playback] 🔍 [getUpNextTracksFromApp] outcome=success(playlistName: Optional("Music")) playlistName=Music kind=Apple Music AAC audio file trackCount=1709
[17:58:43] [QueuePreload] fetchUpNextViaBridge outcome=success(playlistName: Optional("Music")) didChange=true currentTrack='啟程' tracks=["This Time|album=\'This Time - Single\'|dur=186.01400756835938", "Chez Elise (Bande originale du film \"Les parapluies de Cherbourg\")|album=\'Les parapluies de Cherbourg (Bande originale du film)\'|dur=101.91999816894531"]
[17:58:43] [QueuePreload] preloadNearbyAssets scheduled currentTrack='啟程' validTracks=["This Time|album=\'This Time - Single\'|dur=186.01400756835938", "Chez Elise (Bande originale du film \"Les parapluies de Cherbourg\")|album=\'Les parapluies de Cherbourg (Bande originale du film)\'|dur=101.91999816894531"]
[17:58:43] [QueuePreload] fetchRecentHistoryViaScriptingBridge didChange=false currentTrack='啟程' tracks=["下雨天|album=\'Are You Ready\'|dur=304.1470031738281", "Be My Venus|album=\'Stay in My Eyes\'|dur=318.1199951171875", "Nemurenai Diamond|album=\'GOLDEN BEST Junko Ohashi Sony Music Years\'|dur=297.67999267578125", "Looking For Love|album=\'LOVERS\'|dur=331.4800109863281", "Endless Stairs|album=\'Setting Out (feat. Simon Moullier,Joe Martin, Matt Penman,  Reuben Rogers, Miguel Russell, Ian Wacksman)\'|dur=494.6090087890625", "Roland Reve (From \"Lola\")|album=\'French New Wave 1957~1963\'|dur=136.61300659179688"]
[17:58:43] [Timing] 🔴 POLL DELAY: queueWait=0ms sbRead=403.6ms pos=0.48
[17:58:43] [Timing] 🛡 SLOW-READ POLL: correction suppressed drift=-0.53s sbRead=403.6ms
[17:58:44] [QueuePreload] preloadNextSongs SKIPPED (native lyrics renderer active on lyrics page) currentTrack='啟程'
[17:58:45] [Artwork] 🎨 [iTunes API] 命中: album='Les parapluies de Cherbourg (Original Soundtrack)' (目标='Les parapluies de Cherbourg (Bande originale du film)') via 'Chez Elise (Bande originale du film "Les parapluies de Cherbourg") Jose Bartel & Claudine Meunier'
[17:58:45] [Playback] 🔍 [getUpNextTracksFromApp] outcome=success(playlistName: Optional("Music")) playlistName=Music kind=Apple Music AAC audio file trackCount=1709
[17:58:45] [QueuePreload] fetchUpNextViaBridge outcome=success(playlistName: Optional("Music")) didChange=false currentTrack='啟程' tracks=["This Time|album=\'This Time - Single\'|dur=186.01400756835938", "Chez Elise (Bande originale du film \"Les parapluies de Cherbourg\")|album=\'Les parapluies de Cherbourg (Bande originale du film)\'|dur=101.91999816894531"]
[17:58:47] [Poll] 🔄 Track check via AppleScript — reason: identity heartbeat (5s)
[17:58:53] [ActiveBrightness] idx=2 rowOp=1.000 bright=1.000 dimTier=0.35 eff=1.000 deferred=- occluded=0 loop=1 sinceUnoccluded=-
[17:58:53] [Poll] 🔄 Track check via AppleScript — reason: identity heartbeat (5s)
[17:58:53] [LineGaps] idx=2 anchor=42.0 rows=[0:y=-82.8 h=43.7 s=0.95 g=8.9 b=1.5][1:y=-30.3 h=64.6 s=0.95 g=7.7 b=0.5][2:y=42.0 h=68.0 s=1.00 g=7.7 b=0.0][3:y=117.7 h=64.6 s=0.95 g=9.4 b=0.5][4:y=191.7 h=64.6 s=0.95 g=9.3 b=1.5][5:y=265.6 h=64.6 s=0.95 g=- b=2.0]
[17:58:59] [Poll] 🔄 Track check via AppleScript — reason: identity heartbeat (5s)
[17:59:05] [QueuePreload] checkQueueHashAndRefresh reason=timer:30s
[17:59:05] [Poll] 🔄 Track check via AppleScript — reason: identity heartbeat (5s)
[17:59:05] [PlayerState] 📊 track='啟程' pid='1156100540E9B659' dur=277.826 changed=false curPID='1156100540E9B659'
[17:59:09] [ActiveBrightness] idx=4 rowOp=0.999 bright=1.000 dimTier=0.35 eff=0.999 deferred=- occluded=0 loop=1 sinceUnoccluded=-
[17:59:09] [LineGaps] idx=4 anchor=42.0 rows=[2:y=-104.3 h=64.6 s=0.95 g=9.4 b=1.5][3:y=-30.3 h=64.6 s=0.95 g=7.7 b=0.5][4:y=42.0 h=68.0 s=1.00 g=7.7 b=0.0][5:y=117.7 h=64.6 s=0.95 g=9.3 b=0.5][6:y=191.6 h=64.6 s=0.95 g=8.6 b=1.5][7:y=264.8 h=38.0 s=0.95 g=- b=2.0]
[17:59:11] [Poll] 🔄 Track check via AppleScript — reason: identity heartbeat (5s)
[17:59:17] [ActiveBrightness] idx=5 rowOp=0.999 bright=1.000 dimTier=0.35 eff=0.999 deferred=- occluded=0 loop=1 sinceUnoccluded=-
[17:59:17] [LineGaps] idx=5 anchor=42.0 rows=[3:y=-104.3 h=64.6 s=0.95 g=9.4 b=1.5][4:y=-30.3 h=64.6 s=0.95 g=7.7 b=0.5][5:y=42.0 h=68.0 s=1.00 g=7.7 b=0.0][6:y=117.7 h=64.6 s=0.95 g=8.6 b=0.5][7:y=190.9 h=38.0 s=0.95 g=8.6 b=1.5][8:y=237.5 h=64.6 s=0.95 g=- b=2.0]
[17:59:17] [Poll] 🔄 Track check via AppleScript — reason: identity heartbeat (5s)
[17:59:23] [Poll] 🔄 Track check via AppleScript — reason: identity heartbeat (5s)
[17:59:25] [ActiveBrightness] idx=6 rowOp=0.999 bright=1.000 dimTier=0.35 eff=0.999 deferred=- occluded=0 loop=1 sinceUnoccluded=-
[17:59:25] [LineGaps] idx=6 anchor=42.0 rows=[4:y=-104.3 h=64.6 s=0.95 g=9.4 b=1.5][5:y=-30.3 h=64.6 s=0.95 g=7.7 b=0.5][6:y=42.0 h=68.0 s=1.00 g=7.0 b=0.0][7:y=117.0 h=38.0 s=0.95 g=8.6 b=0.5][8:y=163.6 h=64.6 s=0.95 g=9.2 b=1.5][9:y=237.4 h=60.8 s=0.95 g=- b=2.0]
[17:59:28] [ActiveBrightness] idx=7 rowOp=0.999 bright=1.000 dimTier=0.35 eff=0.999 deferred=- occluded=0 loop=1 sinceUnoccluded=-
[17:59:29] [LineGaps] idx=7 anchor=42.0 rows=[5:y=-104.3 h=64.6 s=0.95 g=9.4 b=1.5][6:y=-30.3 h=64.6 s=0.95 g=7.7 b=0.5][7:y=42.0 h=40.0 s=1.00 g=7.7 b=0.0][8:y=89.7 h=64.6 s=0.95 g=9.2 b=0.5][9:y=163.5 h=60.8 s=0.95 g=9.2 b=1.5][10:y=233.5 h=64.6 s=0.95 g=- b=2.0]
[17:59:29] [Poll] 🔄 Track check via AppleScript — reason: identity heartbeat (5s)
[17:59:35] [QueuePreload] checkQueueHashAndRefresh reason=timer:30s
[17:59:35] [Poll] 🔄 Track check via AppleScript — reason: identity heartbeat (5s)
[17:59:35] [PlayerState] 📊 track='啟程' pid='1156100540E9B659' dur=277.826 changed=false curPID='1156100540E9B659'
[17:59:36] [ActiveBrightness] idx=8 rowOp=0.999 bright=1.000 dimTier=0.35 eff=0.999 deferred=- occluded=0 loop=1 sinceUnoccluded=-
[17:59:36] [LineGaps] idx=8 anchor=42.0 rows=[6:y=-76.3 h=64.6 s=0.95 g=8.7 b=1.5][7:y=-3.0 h=38.0 s=0.95 g=7.0 b=0.5][8:y=42.0 h=68.0 s=1.00 g=7.6 b=0.0][9:y=117.6 h=60.8 s=0.95 g=9.3 b=0.5][10:y=187.6 h=64.6 s=0.95 g=9.2 b=1.5][11:y=261.5 h=60.8 s=0.95 g=- b=2.0]
[17:59:41] [ActiveBrightness] idx=9 rowOp=0.999 bright=1.000 dimTier=0.35 eff=0.999 deferred=- occluded=0 loop=1 sinceUnoccluded=-
[17:59:41] [LineGaps] idx=9 anchor=42.0 rows=[7:y=-77.0 h=38.0 s=0.95 g=8.7 b=1.5][8:y=-30.3 h=64.6 s=0.95 g=7.7 b=0.5][9:y=42.0 h=64.0 s=1.00 g=7.7 b=0.0][10:y=113.7 h=64.6 s=0.95 g=9.2 b=0.5][11:y=187.5 h=60.8 s=0.95 g=8.5 b=1.5][12:y=256.8 h=38.0 s=0.95 g=- b=2.0]
[17:59:41] [Poll] 🔄 Track check via AppleScript — reason: identity heartbeat (5s)
[17:59:44] [ActiveBrightness] idx=10 rowOp=0.999 bright=1.000 dimTier=0.35 eff=0.999 deferred=- occluded=0 loop=1 sinceUnoccluded=-
[17:59:45] [LineGaps] idx=10 anchor=42.0 rows=[8:y=-100.3 h=64.6 s=0.95 g=9.3 b=1.5][9:y=-26.4 h=60.8 s=0.95 g=7.6 b=0.5][10:y=42.0 h=68.0 s=1.00 g=7.6 b=0.0][11:y=117.6 h=60.8 s=0.95 g=8.5 b=0.5][12:y=186.9 h=38.0 s=0.95 g=8.6 b=1.5][13:y=233.5 h=64.6 s=0.95 g=- b=2.0]
[17:59:47] [Poll] 🔄 Track check via AppleScript — reason: identity heartbeat (5s)
[17:59:49] [ActiveBrightness] idx=11 rowOp=0.999 bright=1.000 dimTier=0.35 eff=0.999 deferred=- occluded=0 loop=1 sinceUnoccluded=-
[17:59:49] [LineGaps] idx=11 anchor=42.0 rows=[9:y=-100.4 h=60.8 s=0.95 g=9.3 b=1.5][10:y=-30.3 h=64.6 s=0.95 g=7.7 b=0.5][11:y=42.0 h=64.0 s=1.00 g=7.0 b=0.0][12:y=113.0 h=38.0 s=0.95 g=8.6 b=0.5][13:y=159.6 h=64.6 s=0.95 g=9.3 b=1.5][14:y=233.5 h=64.6 s=0.95 g=- b=2.0]
[17:59:53] [Poll] 🔄 Track check via AppleScript — reason: identity heartbeat (5s)
[17:59:53] [ActiveBrightness] idx=12 rowOp=0.999 bright=1.000 dimTier=0.35 eff=0.999 deferred=- occluded=0 loop=1 sinceUnoccluded=-
[17:59:53] [LineGaps] idx=12 anchor=42.0 rows=[10:y=-100.3 h=64.6 s=0.95 g=9.3 b=1.5][11:y=-26.4 h=60.8 s=0.95 g=7.6 b=0.5][12:y=42.0 h=40.0 s=1.00 g=7.7 b=0.0][13:y=89.7 h=64.6 s=0.95 g=9.3 b=0.5][14:y=163.6 h=64.6 s=0.95 g=9.3 b=1.5][15:y=237.5 h=64.6 s=0.95 g=- b=2.0]
[17:59:59] [Poll] 🔄 Track check via AppleScript — reason: identity heartbeat (5s)
[18:00:05] [QueuePreload] checkQueueHashAndRefresh reason=timer:30s
[18:00:05] [Poll] 🔄 Track check via AppleScript — reason: identity heartbeat (5s)
[18:00:05] [PlayerState] 📊 track='啟程' pid='1156100540E9B659' dur=277.826 changed=false curPID='1156100540E9B659'
[18:00:11] [Poll] 🔄 Track check via AppleScript — reason: identity heartbeat (5s)
[18:00:13] [ActiveBrightness] idx=13 rowOp=0.999 bright=1.000 dimTier=0.35 eff=0.999 deferred=- occluded=0 loop=1 sinceUnoccluded=-
[18:00:13] [LineGaps] idx=13 anchor=42.0 rows=[11:y=-72.4 h=60.8 s=0.95 g=8.6 b=1.5][12:y=-3.0 h=38.0 s=0.95 g=7.0 b=0.5][13:y=42.0 h=68.0 s=1.00 g=7.7 b=0.0][14:y=117.7 h=64.6 s=0.95 g=9.4 b=0.5][15:y=191.6 h=64.6 s=0.95 g=9.3 b=1.5][16:y=265.6 h=64.6 s=0.95 g=- b=2.0]
[18:00:17] [Poll] 🔄 Track check via AppleScript — reason: identity heartbeat (5s)
[18:00:21] [ActiveBrightness] idx=14 rowOp=0.999 bright=1.000 dimTier=0.35 eff=0.999 deferred=- occluded=0 loop=1 sinceUnoccluded=-
[18:00:21] [LineGaps] idx=14 anchor=42.0 rows=[12:y=-77.0 h=38.0 s=0.95 g=8.7 b=1.5][13:y=-30.3 h=64.6 s=0.95 g=7.7 b=0.5][14:y=42.0 h=68.0 s=1.00 g=7.7 b=0.0][15:y=117.7 h=64.6 s=0.95 g=9.3 b=0.5][16:y=191.6 h=64.6 s=0.95 g=9.3 b=1.5][17:y=265.5 h=64.6 s=0.95 g=- b=2.0]
[18:00:23] [Poll] 🔄 Track check via AppleScript — reason: identity heartbeat (5s)
[18:00:29] [ActiveBrightness] idx=15 rowOp=0.999 bright=1.000 dimTier=0.35 eff=0.999 deferred=- occluded=0 loop=1 sinceUnoccluded=-
[18:00:29] [Poll] 🔄 Track check via AppleScript — reason: identity heartbeat (5s)
[18:00:29] [LineGaps] idx=15 anchor=42.0 rows=[13:y=-104.3 h=64.6 s=0.95 g=9.4 b=1.5][14:y=-30.3 h=64.6 s=0.95 g=7.7 b=0.5][15:y=42.0 h=68.0 s=1.00 g=7.7 b=0.0][16:y=117.7 h=64.6 s=0.95 g=9.3 b=0.5][17:y=191.6 h=64.6 s=0.95 g=9.3 b=1.5][18:y=265.5 h=64.6 s=0.95 g=- b=2.0]
[18:00:35] [QueuePreload] checkQueueHashAndRefresh reason=timer:30s
[18:00:35] [Poll] 🔄 Track check via AppleScript — reason: identity heartbeat (5s)
[18:00:35] [PlayerState] 📊 track='啟程' pid='1156100540E9B659' dur=277.826 changed=false curPID='1156100540E9B659'
[18:00:41] [Poll] 🔄 Track check via AppleScript — reason: identity heartbeat (5s)
[18:00:45] [ActiveBrightness] idx=17 rowOp=0.999 bright=1.000 dimTier=0.35 eff=0.999 deferred=- occluded=0 loop=1 sinceUnoccluded=-
[18:00:45] [LineGaps] idx=17 anchor=42.0 rows=[15:y=-104.3 h=64.6 s=0.95 g=9.4 b=1.5][16:y=-30.3 h=64.6 s=0.95 g=7.7 b=0.5][17:y=42.0 h=68.0 s=1.00 g=7.7 b=0.0][18:y=117.7 h=64.6 s=0.95 g=8.6 b=0.5][19:y=190.9 h=38.0 s=0.95 g=8.6 b=1.5][20:y=237.5 h=64.6 s=0.95 g=- b=2.0]
[18:00:47] [Poll] 🔄 Track check via AppleScript — reason: identity heartbeat (5s)
[18:00:53] [ActiveBrightness] idx=18 rowOp=0.999 bright=1.000 dimTier=0.35 eff=0.999 deferred=- occluded=0 loop=1 sinceUnoccluded=-
[18:00:53] [LineGaps] idx=18 anchor=42.0 rows=[16:y=-104.3 h=64.6 s=0.95 g=9.4 b=1.5][17:y=-30.3 h=64.6 s=0.95 g=7.7 b=0.5][18:y=42.0 h=68.0 s=1.00 g=7.0 b=0.0][19:y=117.0 h=38.0 s=0.95 g=8.6 b=0.5][20:y=163.6 h=64.6 s=0.95 g=9.2 b=1.5][21:y=237.4 h=60.8 s=0.95 g=- b=2.0]
[18:00:53] [Poll] 🔄 Track check via AppleScript — reason: identity heartbeat (5s)
[18:00:57] [ActiveBrightness] idx=19 rowOp=0.999 bright=1.000 dimTier=0.35 eff=0.999 deferred=- occluded=0 loop=1 sinceUnoccluded=-
[18:00:57] [LineGaps] idx=19 anchor=42.0 rows=[17:y=-104.3 h=64.6 s=0.95 g=9.4 b=1.5][18:y=-30.3 h=64.6 s=0.95 g=7.7 b=0.5][19:y=42.0 h=40.0 s=1.00 g=7.7 b=0.0][20:y=89.7 h=64.6 s=0.95 g=9.2 b=0.5][21:y=163.5 h=60.8 s=0.95 g=9.2 b=1.5][22:y=233.5 h=64.6 s=0.95 g=- b=2.0]
[18:00:59] [Poll] 🔄 Track check via AppleScript — reason: identity heartbeat (5s)
[18:01:01] [ActiveBrightness] idx=20 rowOp=0.999 bright=1.000 dimTier=0.35 eff=0.999 deferred=- occluded=0 loop=1 sinceUnoccluded=-
[18:01:01] [LineGaps] idx=20 anchor=42.0 rows=[18:y=-76.3 h=64.6 s=0.95 g=8.7 b=1.5][19:y=-3.0 h=38.0 s=0.95 g=7.0 b=0.5][20:y=42.0 h=68.0 s=1.00 g=7.6 b=0.0][21:y=117.6 h=60.8 s=0.95 g=9.3 b=0.5][22:y=187.6 h=64.6 s=0.95 g=9.2 b=1.5][23:y=261.5 h=60.8 s=0.95 g=- b=2.0]
[18:01:05] [QueuePreload] checkQueueHashAndRefresh reason=timer:30s
[18:01:05] [Poll] 🔄 Track check via AppleScript — reason: identity heartbeat (5s)
[18:01:05] [PlayerState] 📊 track='啟程' pid='1156100540E9B659' dur=277.826 changed=false curPID='1156100540E9B659'
[18:01:06] [ActiveBrightness] idx=21 rowOp=0.999 bright=1.000 dimTier=0.35 eff=0.999 deferred=- occluded=0 loop=1 sinceUnoccluded=-
[18:01:06] [LineGaps] idx=21 anchor=42.0 rows=[19:y=-77.0 h=38.0 s=0.95 g=8.7 b=1.5][20:y=-30.3 h=64.6 s=0.95 g=7.7 b=0.5][21:y=42.0 h=64.0 s=1.00 g=7.7 b=0.0][22:y=113.7 h=64.6 s=0.95 g=9.2 b=0.5][23:y=187.5 h=60.8 s=0.95 g=9.2 b=1.5][24:y=257.5 h=64.6 s=0.95 g=- b=2.0]
[18:01:09] [ActiveBrightness] idx=22 rowOp=0.999 bright=1.000 dimTier=0.35 eff=0.999 deferred=- occluded=0 loop=1 sinceUnoccluded=-
[18:01:10] [LineGaps] idx=22 anchor=42.0 rows=[20:y=-100.3 h=64.6 s=0.95 g=9.3 b=1.5][21:y=-26.4 h=60.8 s=0.95 g=7.6 b=0.5][22:y=42.0 h=68.0 s=1.00 g=7.6 b=0.0][23:y=117.6 h=60.8 s=0.95 g=9.2 b=0.5][24:y=187.6 h=64.6 s=0.95 g=9.2 b=1.5][25:y=261.4 h=60.8 s=0.95 g=- b=2.0]
[18:01:11] [Poll] 🔄 Track check via AppleScript — reason: identity heartbeat (5s)
[18:01:14] [ActiveBrightness] idx=23 rowOp=0.999 bright=1.000 dimTier=0.35 eff=0.999 deferred=- occluded=0 loop=1 sinceUnoccluded=-
[18:01:14] [LineGaps] idx=23 anchor=42.0 rows=[21:y=-100.4 h=60.8 s=0.95 g=9.3 b=1.5][22:y=-30.3 h=64.6 s=0.95 g=7.7 b=0.5][23:y=42.0 h=64.0 s=1.00 g=7.7 b=0.0][24:y=113.7 h=64.6 s=0.95 g=9.2 b=0.5][25:y=187.5 h=60.8 s=0.95 g=9.2 b=1.5][26:y=257.5 h=64.6 s=0.95 g=- b=2.0]
[18:01:17] [Poll] 🔄 Track check via AppleScript — reason: identity heartbeat (5s)
[18:01:17] [ActiveBrightness] idx=24 rowOp=0.999 bright=1.000 dimTier=0.35 eff=0.999 deferred=- occluded=0 loop=1 sinceUnoccluded=-
[18:01:18] [LineGaps] idx=24 anchor=42.0 rows=[22:y=-100.3 h=64.6 s=0.95 g=9.3 b=1.5][23:y=-26.4 h=60.8 s=0.95 g=7.6 b=0.5][24:y=42.0 h=68.0 s=1.00 g=7.6 b=0.0][25:y=117.6 h=60.8 s=0.95 g=9.2 b=0.5][26:y=187.6 h=64.6 s=0.95 g=9.2 b=1.5][27:y=261.4 h=60.8 s=0.95 g=- b=2.0]
[18:01:22] [ActiveBrightness] idx=25 rowOp=0.999 bright=1.000 dimTier=0.35 eff=0.999 deferred=- occluded=0 loop=1 sinceUnoccluded=-
[18:01:22] [LineGaps] idx=25 anchor=42.0 rows=[23:y=-100.4 h=60.8 s=0.95 g=9.3 b=1.5][24:y=-30.3 h=64.6 s=0.95 g=7.7 b=0.5][25:y=42.0 h=64.0 s=1.00 g=7.7 b=0.0][26:y=113.7 h=64.6 s=0.95 g=9.2 b=0.5][27:y=187.5 h=60.8 s=0.95 g=8.5 b=1.5][28:y=256.8 h=38.0 s=0.95 g=- b=2.0]
[18:01:23] [Poll] 🔄 Track check via AppleScript — reason: identity heartbeat (5s)
[18:01:26] [ActiveBrightness] idx=26 rowOp=0.999 bright=1.000 dimTier=0.35 eff=0.999 deferred=- occluded=0 loop=1 sinceUnoccluded=-
[18:01:26] [LineGaps] idx=26 anchor=42.0 rows=[24:y=-100.3 h=64.6 s=0.95 g=9.3 b=1.5][25:y=-26.4 h=60.8 s=0.95 g=7.6 b=0.5][26:y=42.0 h=68.0 s=1.00 g=7.6 b=0.0][27:y=117.6 h=60.8 s=0.95 g=8.5 b=0.5][28:y=186.9 h=38.0 s=0.95 g=8.6 b=1.5][29:y=233.5 h=64.6 s=0.95 g=- b=2.0]
[18:01:29] [Poll] 🔄 Track check via AppleScript — reason: identity heartbeat (5s)
[18:01:30] [ActiveBrightness] idx=27 rowOp=0.999 bright=1.000 dimTier=0.35 eff=0.999 deferred=- occluded=0 loop=1 sinceUnoccluded=-
[18:01:30] [LineGaps] idx=27 anchor=42.0 rows=[25:y=-100.4 h=60.8 s=0.95 g=9.3 b=1.5][26:y=-30.3 h=64.6 s=0.95 g=7.7 b=0.5][27:y=42.0 h=64.0 s=1.00 g=7.0 b=0.0][28:y=113.0 h=38.0 s=0.95 g=8.6 b=0.5][29:y=159.6 h=64.6 s=0.95 g=9.2 b=1.5][30:y=233.4 h=60.8 s=0.95 g=- b=2.0]
[18:01:34] [ActiveBrightness] idx=28 rowOp=0.999 bright=1.000 dimTier=0.35 eff=0.999 deferred=- occluded=0 loop=1 sinceUnoccluded=-
[18:01:34] [LineGaps] idx=28 anchor=42.0 rows=[26:y=-100.3 h=64.6 s=0.95 g=9.3 b=1.5][27:y=-26.4 h=60.8 s=0.95 g=7.6 b=0.5][28:y=42.0 h=40.0 s=1.00 g=7.7 b=0.0][29:y=89.7 h=64.6 s=0.95 g=9.2 b=0.5][30:y=163.5 h=60.8 s=0.95 g=9.2 b=1.5][31:y=233.5 h=64.6 s=0.95 g=- b=2.0]
[18:01:35] [QueuePreload] checkQueueHashAndRefresh reason=timer:30s
[18:01:35] [Poll] 🔄 Track check via AppleScript — reason: identity heartbeat (5s)
[18:01:35] [PlayerState] 📊 track='啟程' pid='1156100540E9B659' dur=277.826 changed=false curPID='1156100540E9B659'
[18:01:41] [Poll] 🔄 Track check via AppleScript — reason: identity heartbeat (5s)
[18:01:47] [Poll] 🔄 Track check via AppleScript — reason: identity heartbeat (5s)
[18:01:51] [ActiveBrightness] idx=29 rowOp=0.999 bright=1.000 dimTier=0.35 eff=0.999 deferred=- occluded=0 loop=1 sinceUnoccluded=-
[18:01:52] [LineGaps] idx=29 anchor=42.0 rows=[27:y=-72.4 h=60.8 s=0.95 g=8.6 b=1.5][28:y=-3.0 h=38.0 s=0.95 g=7.0 b=0.5][29:y=42.0 h=68.0 s=1.00 g=7.6 b=0.0][30:y=117.6 h=60.8 s=0.95 g=9.3 b=0.5][31:y=187.6 h=64.6 s=0.95 g=9.2 b=1.5][32:y=261.5 h=60.8 s=0.95 g=- b=2.0]
[18:01:53] [Poll] 🔄 Track check via AppleScript — reason: identity heartbeat (5s)
[18:01:56] [ActiveBrightness] idx=30 rowOp=0.999 bright=1.000 dimTier=0.35 eff=0.999 deferred=- occluded=0 loop=1 sinceUnoccluded=-
[18:01:56] [LineGaps] idx=30 anchor=42.0 rows=[28:y=-77.0 h=38.0 s=0.95 g=8.7 b=1.5][29:y=-30.3 h=64.6 s=0.95 g=7.7 b=0.5][30:y=42.0 h=64.0 s=1.00 g=7.7 b=0.0][31:y=113.7 h=64.6 s=0.95 g=9.2 b=0.5][32:y=187.5 h=60.8 s=0.95 g=9.2 b=1.5][33:y=257.5 h=64.6 s=0.95 g=- b=2.0]
[18:01:59] [Poll] 🔄 Track check via AppleScript — reason: identity heartbeat (5s)
[18:02:00] [ActiveBrightness] idx=31 rowOp=0.999 bright=1.000 dimTier=0.35 eff=0.999 deferred=- occluded=0 loop=1 sinceUnoccluded=-
[18:02:00] [LineGaps] idx=31 anchor=42.0 rows=[29:y=-100.3 h=64.6 s=0.95 g=9.3 b=1.5][30:y=-26.4 h=60.8 s=0.95 g=7.6 b=0.5][31:y=42.0 h=68.0 s=1.00 g=7.6 b=0.0][32:y=117.6 h=60.8 s=0.95 g=9.2 b=0.5][33:y=187.6 h=64.6 s=0.95 g=9.2 b=1.5][34:y=261.4 h=60.8 s=0.95 g=- b=2.0]
[18:02:04] [ActiveBrightness] idx=32 rowOp=0.999 bright=1.000 dimTier=0.35 eff=0.999 deferred=- occluded=0 loop=1 sinceUnoccluded=-
[18:02:04] [LineGaps] idx=32 anchor=42.0 rows=[30:y=-100.4 h=60.8 s=0.95 g=9.3 b=1.5][31:y=-30.3 h=64.6 s=0.95 g=7.7 b=0.5][32:y=42.0 h=64.0 s=1.00 g=7.7 b=0.0][33:y=113.7 h=64.6 s=0.95 g=9.2 b=0.5][34:y=187.5 h=60.8 s=0.95 g=9.2 b=1.5][35:y=257.5 h=64.6 s=0.95 g=- b=2.0]
[18:02:05] [QueuePreload] checkQueueHashAndRefresh reason=timer:30s
[18:02:05] [Poll] 🔄 Track check via AppleScript — reason: identity heartbeat (5s)
[18:02:05] [PlayerState] 📊 track='啟程' pid='1156100540E9B659' dur=277.826 changed=false curPID='1156100540E9B659'
[18:02:08] [ActiveBrightness] idx=33 rowOp=0.999 bright=1.000 dimTier=0.35 eff=0.999 deferred=- occluded=0 loop=1 sinceUnoccluded=-
[18:02:08] [QueuePreload] queueMayHaveChanged notification=com.apple.Music.playerInfo
[18:02:08] [Timing] 📐 DRIFT CORRECTION: drift=-230.09s polled=0.00 interpolated=230.09
[18:02:08] [Artwork] 🎵 Track changed: Yume No Tsuzuki (2017 Remaster) - Mariya Takeuchi
[18:02:08] [Artwork] 🎨 fetchArtwork: Yume No Tsuzuki (2017 Remaster) - Mariya Takeuchi gen=6
[18:02:08] [Artwork] 🎨 Cache MISS, starting concurrent fetch (SB + API in parallel)...
[18:02:08] [Artwork] 🎨 Cache MISS, retaining previous artwork until replacement is ready
[18:02:08] [Artwork] 🎨 [SB] Starting ScriptingBridge fetch...
[18:02:08] [Poll] 🔄 Track check via AppleScript — reason: radio backstop (1s)
[18:02:08] [LyricsService] 🚀 fetchLyrics START: 'Yume No Tsuzuki (2017 Remaster)' by 'Mariya Takeuchi' dur=321.0 album='REQUEST (30th Anniversary Edition) [2017 Remaster]' (forceRefresh=false, curSongID='啟程|christine fan|真善美|277', curDur=277.0, curAlbum='真善美')
[18:02:08] [LyricsService] 🔄 Starting async lyrics fetch...
[18:02:08] [LyricsFetch] fetchAllSources caller=foreground songID='yume no tsuzuki 2017 remaster|mariya takeuchi|request 30th anniversary edition 2017 remaster|321' album='REQUEST (30th Anniversary Edition) [2017 Remaster]' dur=321.0
[18:02:08] [LyricsFetcher.swift:668] 🚀 fetchAllSources START: 'Yume No Tsuzuki (2017 Remaster)' by 'Mariya Takeuchi' (321s) album='REQUEST (30th Anniversary Edition) [2017 Remaster]'
[18:02:08] [LRCLIB] 🔍 /search 'Yume No Tsuzuki (2017 Remaster)' by 'Mariya Takeuchi' (321s)
[18:02:08] [QQMusic] 🔍 搜索: 'Yume No Tsuzuki (2017 Remaster)' by 'Mariya Takeuchi' (321s) album='REQUEST (30th Anniversary Edition) [2017 Remaster]'
[18:02:08] [LyricsFetcher.swift:1121] ⚡ Branch-2 library native-title catalog bridge: 'Yume No Tsuzuki (2017 Remaster)' by 'Mariya Takeuchi'
[18:02:08] [LRCLIB] 🔍 /get 'Yume No Tsuzuki (2017 Remaster)' by 'Mariya Takeuchi' (321s)
[18:02:08] [NetEase] 🔍 搜索: 'Yume No Tsuzuki (2017 Remaster)' by 'Mariya Takeuchi' (321s) album='REQUEST (30th Anniversary Edition) [2017 Remaster]'
[18:02:08] [AMLL] 🔍 请求: 'Yume No Tsuzuki (2017 Remaster)' by 'Mariya Takeuchi' (321s)
[18:02:08] [QQMusic] 🔑 关键词: ["yume no tsuzuki Mariya Takeuchi", "yume no tsuzuki request (30th anniversary edition) [2017 remaster]", "yume no tsuzuki request (30th anniversary edition) [2017 remaster] Mariya Takeuchi", "request (30th anniversary edition) [2017 remaster] Mariya Takeuchi", "Mariya Takeuchi", "yume no tsuzuki"]
[18:02:08] [QQMusic] 🔎 title+artist: 'yume no tsuzuki Mariya Takeuchi'
[18:02:08] [NetEase] 🔑 关键词: ["yume no tsuzuki Mariya Takeuchi", "yume no tsuzuki request (30th anniversary edition) [2017 remaster]", "yume no tsuzuki request (30th anniversary edition) [2017 remaster] Mariya Takeuchi", "request (30th anniversary edition) [2017 remaster] Mariya Takeuchi", "Mariya Takeuchi"]
[18:02:08] [NetEase] 🔎 title+artist: 'yume no tsuzuki Mariya Takeuchi'
[18:02:08] [Artwork] 🎨 [SB] SUCCESS! Got image (600.0, 593.0)
[18:02:08] [Timing] 🔴 POLL DELAY: queueWait=0ms sbRead=50.6ms pos=0.00
[18:02:08] [AMLL] ❌ 未命中: 索引无匹配候选 [217ms]
[18:02:09] [LyricsService] ⏭️ Skipping duplicate fetch: 'yume no tsuzuki 2017 remaster|mariya takeuchi|request 30th anniversary edition 2017 remaster|321' (currentSongID='yume no tsuzuki 2017 remaster|mariya takeuchi|request 30th anniversary edition 2017 remaster|321')
[18:02:09] [QueuePreload] checkQueueHashAndRefresh reason=notification:com.apple.Music.playerInfo
[18:02:09] [QueuePreload] checkQueueHash CHANGED reason=notification:com.apple.Music.playerInfo 'Music:1709:1156100540E9B659' -> 'Midnight Highway ‘86:97:B598587602F8D625' -> fetchUpNextQueue()
[18:02:09] [Playback] ⚠️ Apple Music recent tracks failed: Failed to request developer token
[18:02:09] [Playback] 🔍 [getUpNextTracksFromApp] outcome=success(playlistName: Optional("Midnight Highway ‘86")) playlistName=Midnight Highway ‘86 kind=Apple Music AAC audio file trackCount=97
[18:02:09] [LyricsFetcher.swift:1335] ✅ LRCLIB: score=70.0, lines=53, albumMatch=false
[18:02:09] [QueuePreload] fetchUpNextViaBridge outcome=success(playlistName: Optional("Midnight Highway ‘86")) didChange=true currentTrack='Yume No Tsuzuki (2017 Remaster)' tracks=["Invisible|album=\'Ampersands\'|dur=325.5679931640625", "Stardust Night|album=\'Free Drink\'|dur=234.7469940185547"]
[18:02:09] [QueuePreload] preloadNearbyAssets scheduled currentTrack='Yume No Tsuzuki (2017 Remaster)' validTracks=["Invisible|album=\'Ampersands\'|dur=325.5679931640625", "Stardust Night|album=\'Free Drink\'|dur=234.7469940185547"]
[18:02:09] [Artwork] 🎨 [iTunes API] 全部策略失败: 'Yume No Tsuzuki (2017 Remaster)' by 'Mariya Takeuchi'
[18:02:09] [NetEase] 📦 title+artist: 20 个候选
[18:02:09] [NetEase] 🎯 候选: 'Yume no Tsuzuki' by 'Leo Dickinson' alb='City Pop Summer' q='title+artist' T=true A=false AL=false L=15 Δ0.2s, 'Yume no tsuzuki' by 'Tomiya' alb='eyes' q='title+artist' T=true A=false AL=false L=15 Δ0.4s, 'Yume no tsuzuki' by 'Tomiya' alb='Invisible Energy' q='title+artist' T=true A=false AL=false L=15 Δ1.6s, 'Yume No Tsuzuki ('89 CD Single Mix)' by '竹内まりや' alb='' q='title+artist' T=true A=false AL=false L=35 Δ2.1s, 'Yume No Tsuzuki' by 'Saucy Lady / Slynk' alb='Yume No Tsuzuki' q='title+artist' T=true A=false AL=false L=15 Δ7.5s
[18:02:09] [NetEase] ❌ 无匹配
[18:02:09] [NetEase] 🔎 title+album: 'yume no tsuzuki request (30th anniversary edition) [2017 remaster]'
[18:02:09] [NetEase] 🔎 artist only: 'Mariya Takeuchi'
[18:02:09] [NetEase] 🔎 title+album+artist: 'yume no tsuzuki request (30th anniversary edition) [2017 remaster] Mariya Takeuchi'
[18:02:09] [NetEase] 🔎 album+artist: 'request (30th anniversary edition) [2017 remaster] Mariya Takeuchi'
[18:02:09] [NetEase] 🔎 title+artist: 'yume no tsuzuki Mariya Takeuchi'
[18:02:09] [LyricsFetcher.swift:1335] ✅ lyrics.ovh: score=28.0, lines=53, albumMatch=false
[18:02:09] [LRCLIB] ❌ /search error for 'Yume No Tsuzuki (2017 Remaster)' by 'Mariya Takeuchi': httpError(statusCode: 503)
[18:02:09] [QueuePreload] fetchRecentHistoryViaScriptingBridge didChange=true currentTrack='Yume No Tsuzuki (2017 Remaster)' tracks=["Try to Say (2021 Remaster)|album=\'Sexy Robot (2021 Remaster)\'|dur=228.61300659179688", "Shang-Hide Night|album=\'Yoshino Fujimal\'|dur=323.86700439453125", "Juggler|album=\'Shiroi Natsu / Juggler - Single\'|dur=251.33299255371094", "Fantasy|album=\'Twin Best Nakahara Meiko\'|dur=264.6669921875", "Puzzle|album=\'Puzzle\'|dur=245.82699584960938", "Sexy dandy (After Nours Mix)|album=\'HIGH ENERGY-Remixed in N.Y.-\'|dur=285.6000061035156", "Gozen Reiji No Koibito|album=\'Takigawa Yumi Best\'|dur=280.3999938964844", "Never Wanna Say Goodnight|album=\'10th Avenue+2\'|dur=225.98699951171875", "Shooting Star of Love|album=\'CITY LIGHTS 3rd Season\'|dur=414.0", "S-O-O-N (2004 Remaster)|album=\'So Many Friend (2004 Remaster)\'|dur=251.8000030517578"]
[18:02:09] [QueuePreload] preloadNearbyAssets scheduled currentTrack='Yume No Tsuzuki (2017 Remaster)' validTracks=["Try to Say (2021 Remaster)|album=\'Sexy Robot (2021 Remaster)\'|dur=228.61300659179688", "Shang-Hide Night|album=\'Yoshino Fujimal\'|dur=323.86700439453125", "Juggler|album=\'Shiroi Natsu / Juggler - Single\'|dur=251.33299255371094", "Fantasy|album=\'Twin Best Nakahara Meiko\'|dur=264.6669921875", "Puzzle|album=\'Puzzle\'|dur=245.82699584960938", "Sexy dandy (After Nours Mix)|album=\'HIGH ENERGY-Remixed in N.Y.-\'|dur=285.6000061035156", "Gozen Reiji No Koibito|album=\'Takigawa Yumi Best\'|dur=280.3999938964844", "Never Wanna Say Goodnight|album=\'10th Avenue+2\'|dur=225.98699951171875", "Shooting Star of Love|album=\'CITY LIGHTS 3rd Season\'|dur=414.0", "S-O-O-N (2004 Remaster)|album=\'So Many Friend (2004 Remaster)\'|dur=251.8000030517578"]
[18:02:09] [Timing] 🔴 POLL DELAY: queueWait=0ms sbRead=285.9ms pos=0.15
[18:02:09] [Timing] ⏸ VELOCITY PAUSE: polled=0.15 expected=1.00 deficit=0.85s — inferring pause
[18:02:09] [Timing] 📐 DRIFT CORRECTION: drift=-0.85s polled=0.15 interpolated=1.00
[18:02:09] [QQMusic] 📦 title+artist: 20 个候选
[18:02:09] [QQMusic] 🎯 候选: 'Yume no Tsuzuki' by 'Leo Dickinson' alb='City Pop Summer' q='title+artist' T=true A=false AL=false L=15 Δ1.0s, 'Yume no tsuzuki' by 'Tomiya' alb='Invisible Energy' q='title+artist' T=true A=false AL=false L=15 Δ2.0s, '夢の続き' by 'eill' alb='LOVE/LIKE/HATE' q='title+artist' T=false A=false AL=false L=4 Δ8.0s, 'Yume No Tsuzuki' by 'Saucy Lady / Slynk' alb='Chilled Beats 048 (Explicit)' q='title+artist' T=true A=false AL=false L=15 Δ8.0s, 'Yume No Tsuzuki' by 'Saucy Lady / Slynk' alb='Yume No Tsuzuki' q='title+artist' T=true A=false AL=false L=15 Δ13.0s
[18:02:09] [QQMusic] ❌ 无匹配
[18:02:09] [QQMusic] 🔎 title+artist: 'yume no tsuzuki Mariya Takeuchi'
[18:02:09] [QQMusic] 🔎 title+album+artist: 'yume no tsuzuki request (30th anniversary edition) [2017 remaster] Mariya Takeuchi'
[18:02:09] [QQMusic] 🔎 title only: 'yume no tsuzuki'
[18:02:09] [QQMusic] 🔎 title+album: 'yume no tsuzuki request (30th anniversary edition) [2017 remaster]'
[18:02:09] [QQMusic] 🔎 album+artist: 'request (30th anniversary edition) [2017 remaster] Mariya Takeuchi'
[18:02:09] [QQMusic] 🔎 artist only: 'Mariya Takeuchi'
[18:02:09] [Artwork] 🎨 [API] No artwork found, scheduling retry (placeholder deferred)
[18:02:09] [NetEase] 🔗 CJK artist resolve: 'Mariya Takeuchi' → ["竹内まりや"]
[18:02:09] [NetEase] 🔎 alias+title:竹内まりや: 'yume no tsuzuki 竹内まりや'
[18:02:09] [Artwork] 🎨 [PlaybackSession] no matching artwork URL for 'Yume No Tsuzuki (2017 Remaster)' by 'Mariya Takeuchi'
[18:02:09] [NetEase] 📦 title+artist: 20 个候选
[18:02:09] [NetEase] 🎯 候选: 'Yume no Tsuzuki' by 'Leo Dickinson' alb='City Pop Summer' q='title+artist' T=true A=false AL=false L=15 Δ0.2s, 'Yume no tsuzuki' by 'Tomiya' alb='eyes' q='title+artist' T=true A=false AL=false L=15 Δ0.4s, 'Yume no tsuzuki' by 'Tomiya' alb='Invisible Energy' q='title+artist' T=true A=false AL=false L=15 Δ1.6s, 'Yume No Tsuzuki ('89 CD Single Mix)' by '竹内まりや' alb='' q='title+artist' T=true A=false AL=false L=35 Δ2.1s, 'Yume No Tsuzuki' by 'Saucy Lady / Slynk' alb='Yume No Tsuzuki' q='title+artist' T=true A=false AL=false L=15 Δ7.5s
[18:02:09] [NetEase] ❌ 无匹配
[18:02:09] [NetEase] 📦 artist only: 20 个候选
[18:02:10] [NetEase] 📦 title+album+artist: 20 个候选
[18:02:10] [NetEase] 🎯 候选: 'Yume no Tsuzuki' by 'Leo Dickinson' alb='City Pop Summer' q='title+album+artist' T=true A=false AL=false L=15 Δ0.2s, 'Yume no tsuzuki' by 'Tomiya' alb='eyes' q='title+album+artist' T=true A=false AL=false L=15 Δ0.4s, 'Yume no tsuzuki' by 'Tomiya' alb='Invisible Energy' q='title+album+artist' T=true A=false AL=false L=15 Δ1.6s, 'Yume No Tsuzuki ('89 CD Single Mix)' by '竹内まりや' alb='' q='title+album+artist' T=true A=false AL=false L=35 Δ2.1s, 'Yume No Tsuzuki' by 'Saucy Lady / Slynk' alb='Yume No Tsuzuki' q='title+album+artist' T=true A=false AL=false L=15 Δ7.5s
[18:02:10] [NetEase] 📦 title+album: 20 个候选
[18:02:10] [NetEase] ❌ 无匹配
[18:02:10] [NetEase] 🎯 候选: 'Yume no Tsuzuki' by 'Leo Dickinson' alb='City Pop Summer' q='title+album' T=true A=false AL=false L=15 Δ0.2s, 'Yume no tsuzuki' by 'Tomiya' alb='eyes' q='title+album' T=true A=false AL=false L=15 Δ0.4s, 'Yume no tsuzuki' by 'Tomiya' alb='Invisible Energy' q='title+album' T=true A=false AL=false L=15 Δ1.6s, 'Yume No Tsuzuki ('89 CD Single Mix)' by '竹内まりや' alb='' q='title+album' T=true A=false AL=false L=35 Δ2.1s, 'Yume No Tsuzuki' by 'Saucy Lady / Slynk' alb='Yume No Tsuzuki' q='title+album' T=true A=false AL=false L=15 Δ7.5s
[18:02:10] [NetEase] ❌ 无匹配
[18:02:10] [NetEase] 🎯 候选: '天使のため息' by '竹内まりや' alb='天使のため息/ソウルメイトを探して sigh of an angel/looking for a soulmate' q='artist only' T=false A=false AL=false L=6 Δ7.2s, 'カムフラージュ' by '竹内まりや' alb='Expressions' q='artist only' T=false A=false AL=false L=7 Δ7.5s
[18:02:10] [NetEase] ❌ 无匹配
[18:02:10] [NetEase] 📦 album+artist: 20 个候选
[18:02:10] [NetEase] 🎯 候选: '夢の続き' by '竹内まりや' alb='REQUEST -30th Anniversary Edition-' q='album+artist' T=false A=true AL=true L=4 Δ0.9s, '夢の続き ('89 CD Single Mix)' by '竹内まりや' alb='REQUEST -30th Anniversary Edition-' q='album+artist' T=false A=false AL=true L=24 Δ2.1s, 'OH NO,OH YES!' by '竹内まりや' alb='REQUEST -30th Anniversary Edition-' q='album+artist' T=false A=false AL=true L=13 Δ2.7s, '3055 (Remastered 10th Anniversary Edition)' by 'Ólafur Arnalds' alb='Eulogy for Evolution 2017 (Remastered 10th Anniversary Edition)' q='album+artist' T=false A=false AL=false L=4 Δ5.3s, 'Quiet Life (2022 Remaster)' by '竹内まりや' alb='Quiet Life (30th Anniversary Edition) [2022 Remaster]' q='album+artist' T=false A=false AL=false L=10 Δ16.6s
[18:02:10] [NetEase] ❌ 无匹配
[18:02:10] [NetEase] 🔗 CJK artist resolve: 'Mariya Takeuchi' → ["竹内まりや"]
[18:02:10] [QQMusic] 🔎 alias+title:竹内まりや: 'yume no tsuzuki 竹内まりや'
[18:02:10] [QQMusic] 📦 title+album: 0 个候选
[18:02:10] [QQMusic] 🎯 候选: 
[18:02:10] [QQMusic] 📦 title+album+artist: 0 个候选
[18:02:10] [QQMusic] 🎯 候选: 
[18:02:10] [QQMusic] 📦 title only: 20 个候选
[18:02:10] [QQMusic] 🎯 候选: 'Yume no Tsuzuki' by 'Leo Dickinson' alb='City Pop Summer' q='title only' T=true A=false AL=false L=15 Δ1.0s, 'Yume no tsuzuki' by 'Tomiya' alb='Invisible Energy' q='title only' T=true A=false AL=false L=15 Δ2.0s, 'Yume No Tsuzuki' by 'Saucy Lady / Slynk' alb='Chilled Beats 048 (Explicit)' q='title only' T=true A=false AL=false L=15 Δ8.0s, '夢の続き' by 'eill' alb='LOVE/LIKE/HATE' q='title only' T=false A=false AL=false L=4 Δ8.0s, 'Yume No Tsuzuki' by 'Saucy Lady / Slynk' alb='Yume No Tsuzuki' q='title only' T=true A=false AL=false L=15 Δ13.0s
[18:02:10] [QQMusic] ❌ 无匹配
[18:02:10] [QQMusic] 📦 title+artist: 20 个候选
[18:02:10] [QQMusic] 🎯 候选: 'Yume no Tsuzuki' by 'Leo Dickinson' alb='City Pop Summer' q='title+artist' T=true A=false AL=false L=15 Δ1.0s, 'Yume no tsuzuki' by 'Tomiya' alb='Invisible Energy' q='title+artist' T=true A=false AL=false L=15 Δ2.0s, '夢の続き' by 'eill' alb='LOVE/LIKE/HATE' q='title+artist' T=false A=false AL=false L=4 Δ8.0s, 'Yume No Tsuzuki' by 'Saucy Lady / Slynk' alb='Chilled Beats 048 (Explicit)' q='title+artist' T=true A=false AL=false L=15 Δ8.0s, 'Yume No Tsuzuki' by 'Saucy Lady / Slynk' alb='Yume No Tsuzuki' q='title+artist' T=true A=false AL=false L=15 Δ13.0s
[18:02:10] [QQMusic] ❌ 无匹配
[18:02:10] [NetEase] 📦 alias+title:竹内まりや: 20 个候选
[18:02:10] [QQMusic] 📦 album+artist: 20 个候选
[18:02:10] [QQMusic] 📦 artist only: 20 个候选
[18:02:10] [NetEase] 🎯 候选: 'Yume no tsuzuki' by 'Tomiya' alb='eyes' q='alias+title:竹内まりや' T=true A=false AL=false L=15 Δ0.4s, 'Yume no tsuzuki' by 'Tomiya' alb='Invisible Energy' q='alias+title:竹内まりや' T=true A=false AL=false L=15 Δ1.6s, 'Yume No Tsuzuki ('89 CD Single Mix)' by '竹内まりや' alb='' q='alias+title:竹内まりや' T=true A=true AL=false L=35 Δ2.1s, 'Yume No Tsuzuki' by 'Saucy Lady / Slynk' alb='Yume No Tsuzuki' q='alias+title:竹内まりや' T=true A=false AL=false L=15 Δ7.5s, 'Yume No Tsuzuki' by 'Saucy Lady / Slynk' alb='Chilled Beats 048' q='alias+title:竹内まりや' T=true A=false AL=false L=15 Δ7.5s
[18:02:10] [NetEase] ✅ P1: 'Yume No Tsuzuki ('89 CD Single Mix)' by '竹内まりや' alb='' q='alias+title:竹内まりや' AL=false L=35 Δ2.1s
[18:02:10] [NetEase] ⚡ Best match via 'alias+title:竹内まりや' (no album match, titleMatch=true, rank=0, Δ2.1s) from 1 rounds
[18:02:10] [NetEase] ✅ 找到 songId=3384395759 albumMatch=false
[18:02:10] [QQMusic] 🎯 候选: 'OH NO,OH YES!' by '竹内まりや' alb='REQUEST (30th Anniversary Edition)' q='album+artist' T=false A=false AL=true L=13 Δ3.0s, 'Hello, Again〜昔からある場所〜' by 'JUJU' alb='Request' q='album+artist' T=false A=false AL=true L=21 Δ9.0s, 'Don't wanna cry' by 'JUJU' alb='Request' q='album+artist' T=false A=false AL=true L=15 Δ12.0s, 'ギブス' by 'JUJU' alb='Request' q='album+artist' T=false A=false AL=true L=3 Δ14.0s, 'Request' by 'S3RL / Mixie Moon' alb='Request' q='album+artist' T=false A=false AL=true L=7 Δ17.0s
[18:02:10] [QQMusic] ❌ 无匹配
[18:02:10] [QQMusic] 🎯 候选: 'OH NO,OH YES!' by '竹内まりや' alb='REQUEST (30th Anniversary Edition)' q='artist only' T=false A=false AL=true L=13 Δ3.0s, '幸せのものさし' by '竹内まりや' alb='幸せのものさし／うれしくてさみしい日' q='artist only' T=false A=false AL=false L=7 Δ6.0s
[18:02:10] [QQMusic] ❌ 无匹配
[18:02:10] [NetEase] ❌ 获取歌词失败/低质 — trying parallel fallback probes
[18:02:10] [QQMusic] 📦 alias+title:竹内まりや: 20 个候选
[18:02:10] [QQMusic] 🎯 候选: 'Yume no Tsuzuki' by 'Leo Dickinson' alb='City Pop Summer' q='alias+title:竹内まりや' T=true A=false AL=false L=15 Δ1.0s, 'Yume no tsuzuki' by 'Tomiya' alb='Invisible Energy' q='alias+title:竹内まりや' T=true A=false AL=false L=15 Δ2.0s, 'OH NO,OH YES!' by '竹内まりや' alb='REQUEST (30th Anniversary Edition)' q='alias+title:竹内まりや' T=false A=true AL=true L=13 Δ3.0s, '夢の続き' by 'eill' alb='LOVE/LIKE/HATE' q='alias+title:竹内まりや' T=false A=false AL=false L=4 Δ8.0s, 'Yume No Tsuzuki' by 'Saucy Lady / Slynk' alb='Chilled Beats 048 (Explicit)' q='alias+title:竹内まりや' T=true A=false AL=false L=15 Δ8.0s
[18:02:10] [QQMusic] ❌ 无匹配
[18:02:10] [QQMusic] 🔎 alias artist only:竹内まりや: '竹内まりや'
[18:02:10] [NetEase] 🔗 CJK artist resolve: 'Mariya Takeuchi' → ["竹内まりや"]
[18:02:10] [QQMusic] ⚠️ alias artist only:竹内まりや HTTP error: Error Domain=NSURLErrorDomain Code=-999 "cancelled" UserInfo={NSErrorFailingURLStringKey=https://u.y.qq.com/cgi-bin/musicu.fcg, NSErrorFailingURLKey=https://u.y.qq.com/cgi-bin/musicu.fcg, _NSURLErrorRelatedURLSessionTaskErrorKey=(
    "LocalDataTask <3B6AE335-86DB-4AAD-8C96-F9273E05F253>.<228>"
), _NSURLErrorFailingURLSessionTaskErrorKey=LocalDataTask <3B6AE335-86DB-4AAD-8C96-F9273E05F253>.<228>, NSLocalizedDescription=cancelled}
[18:02:10] [QQMusic] 🔎 alias album+artist:竹内まりや: 'request (30th anniversary edition) [2017 remaster] 竹内まりや'
[18:02:10] [QQMusic] ⚠️ alias album+artist:竹内まりや HTTP error: Error Domain=NSURLErrorDomain Code=-999 "cancelled" UserInfo={NSErrorFailingURLStringKey=https://u.y.qq.com/cgi-bin/musicu.fcg, NSErrorFailingURLKey=https://u.y.qq.com/cgi-bin/musicu.fcg, _NSURLErrorRelatedURLSessionTaskErrorKey=(
    "LocalDataTask <89662228-CC7B-49EB-9950-C77C142D36E3>.<230>"
), _NSURLErrorFailingURLSessionTaskErrorKey=LocalDataTask <89662228-CC7B-49EB-9950-C77C142D36E3>.<230>, NSLocalizedDescription=cancelled}
[18:02:10] [QQMusic] ❌ 未找到歌曲
[18:02:10] [QueuePreload] preloadNextSongs SKIPPED (native lyrics renderer active on lyrics page) currentTrack='Yume No Tsuzuki (2017 Remaster)'
[18:02:11] [Playback] 🔍 [getUpNextTracksFromApp] outcome=success(playlistName: Optional("Midnight Highway ‘86")) playlistName=Midnight Highway ‘86 kind=Apple Music AAC audio file trackCount=97
[18:02:11] [Artwork] 🎨 [iTunes API] 全部策略失败: 'Yume No Tsuzuki (2017 Remaster)' by 'Mariya Takeuchi'
[18:02:11] [QueuePreload] fetchUpNextViaBridge outcome=success(playlistName: Optional("Midnight Highway ‘86")) didChange=false currentTrack='Yume No Tsuzuki (2017 Remaster)' tracks=["Invisible|album=\'Ampersands\'|dur=325.5679931640625", "Stardust Night|album=\'Free Drink\'|dur=234.7469940185547"]
[18:02:11] [LyricsFetcher.swift:1665] ⏭️ fetchAllSources cancelled before result normalization
[18:02:11] [LyricsFetcher.swift:1707] ⏭️ fetchAllSources cancelled before result normalization
[18:02:11] [LyricsResultSelection.swift:134] 🔬 selectBestResult: 2 results, 1 synced (LRCLIB:synced/70,lyrics.ovh:unsynced/28)
[18:02:11] [Timing] 📐 DRIFT CORRECTION: drift=+1.73s polled=1.87 interpolated=0.15
[18:02:11] [LyricsResultSelection.swift:879] 🏆 Final selection: LRCLIB (score=70.0, kind=synced)
[18:02:11] [LyricsFetcher.swift:645] ⏱️ fetchAllSources foreground hard deadline reached at 2.810s
[18:02:11] [LyricsResultSelection.swift:134] 🔬 selectBestResult: 2 results, 1 synced (LRCLIB:synced/70,lyrics.ovh:unsynced/28)
[18:02:11] [LyricsResultSelection.swift:879] 🏆 Final selection: LRCLIB (score=70.0, kind=synced)
[18:02:11] [LyricsService] 📦 Cached: 'yume no tsuzuki 2017 remaster|mariya takeuchi|request 30th anniversary edition 2017 remaster|321' (54 lines, unsynced=false)
[18:02:11] [LyricsService] 📋 Applied: 'yume no tsuzuki 2017 remaster|mariya takeuchi|request 30th anniversary edition 2017 remaster|321' 54L, firstReal="Baby, Baby, don't look so sad", unsynced=false
[18:02:11] [LyricsFetcher.swift:1990] 🧭 Authoritative lyrics backfill START: 'Yume No Tsuzuki (2017 Remaster)' by 'Mariya Takeuchi'
[18:02:11] [LRCLIB] 🔍 /get 'Yume No Tsuzuki (2017 Remaster)' by 'Mariya Takeuchi' (321s)
[18:02:11] [MetadataResolver] ⏭️ English-title gate: skipping CN/localized speculative waves for 'Yume No Tsuzuki (2017 Remaster)' by 'Mariya Takeuchi'
[18:02:11] [LRCLIB] 🔍 /search 'Yume No Tsuzuki (2017 Remaster)' by 'Mariya Takeuchi' (321s)
[18:02:11] [QQMusic] 🔍 搜索: 'Yume No Tsuzuki (2017 Remaster)' by 'Mariya Takeuchi' (321s) album='REQUEST (30th Anniversary Edition) [2017 Remaster]'
[18:02:11] [AMLL] 🔍 请求: 'Yume No Tsuzuki (2017 Remaster)' by 'Mariya Takeuchi' (321s)
[18:02:11] [NetEase] 🔍 搜索: 'Yume No Tsuzuki (2017 Remaster)' by 'Mariya Takeuchi' (321s) album='REQUEST (30th Anniversary Edition) [2017 Remaster]'
[18:02:11] [NetEase] 🔑 关键词: ["yume no tsuzuki Mariya Takeuchi", "yume no tsuzuki request (30th anniversary edition) [2017 remaster]", "yume no tsuzuki request (30th anniversary edition) [2017 remaster] Mariya Takeuchi", "request (30th anniversary edition) [2017 remaster] Mariya Takeuchi", "Mariya Takeuchi"]
[18:02:11] [NetEase] 🔎 title+artist: 'yume no tsuzuki Mariya Takeuchi'
[18:02:11] [QQMusic] 🔑 关键词: ["yume no tsuzuki Mariya Takeuchi", "yume no tsuzuki request (30th anniversary edition) [2017 remaster]", "yume no tsuzuki request (30th anniversary edition) [2017 remaster] Mariya Takeuchi", "request (30th anniversary edition) [2017 remaster] Mariya Takeuchi", "Mariya Takeuchi", "yume no tsuzuki"]
[18:02:11] [QQMusic] 🔎 title+artist: 'yume no tsuzuki Mariya Takeuchi'
[18:02:11] [AMLL] ❌ 未命中: 索引无匹配候选 [95ms]
[18:02:11] [LyricsService.swift:2649] 🔄 Starting translation: 53/54 lines
[18:02:11] [Artwork] 🎨 [iTunes API] 全部策略失败: 'Shang-Hide Night' by 'Fujimaru Yoshino'
[18:02:11] [NetEase] 📦 title+artist: 20 个候选
[18:02:11] [NetEase] 🎯 候选: 'Yume no Tsuzuki' by 'Leo Dickinson' alb='City Pop Summer' q='title+artist' T=true A=false AL=false L=15 Δ0.2s, 'Yume no tsuzuki' by 'Tomiya' alb='eyes' q='title+artist' T=true A=false AL=false L=15 Δ0.4s, 'Yume no tsuzuki' by 'Tomiya' alb='Invisible Energy' q='title+artist' T=true A=false AL=false L=15 Δ1.6s, 'Yume No Tsuzuki ('89 CD Single Mix)' by '竹内まりや' alb='' q='title+artist' T=true A=false AL=false L=35 Δ2.1s, 'Yume No Tsuzuki' by 'Saucy Lady / Slynk' alb='Yume No Tsuzuki' q='title+artist' T=true A=false AL=false L=15 Δ7.5s
[18:02:11] [NetEase] ❌ 无匹配
[18:02:11] [NetEase] 🔎 title+artist: 'yume no tsuzuki Mariya Takeuchi'
[18:02:11] [NetEase] 🔎 title+album: 'yume no tsuzuki request (30th anniversary edition) [2017 remaster]'
[18:02:11] [NetEase] 🔎 alias+title:竹内まりや: 'yume no tsuzuki 竹内まりや'
[18:02:11] [NetEase] 🔎 album+artist: 'request (30th anniversary edition) [2017 remaster] Mariya Takeuchi'
[18:02:11] [NetEase] 🔎 artist only: 'Mariya Takeuchi'
[18:02:11] [NetEase] 🔎 title+album+artist: 'yume no tsuzuki request (30th anniversary edition) [2017 remaster] Mariya Takeuchi'
[18:02:12] [QQMusic] 📦 title+artist: 20 个候选
[18:02:12] [LyricsFetcher.swift:2432] 🧭 Native-title witness probes: '梦の続き' by '竹内まりや', '夢の続き' by '竹内まりや'
[18:02:12] [LRCLIB] 🔍 /search '梦の続き' by '竹内まりや' (321s)
[18:02:12] [LRCLIB] 🔍 /get '梦の続き' by '竹内まりや' (321s)
[18:02:12] [QQMusic] 🔍 搜索: '夢の続き' by '竹内まりや' (321s) album='REQUEST (30th Anniversary Edition) [2017 Remaster]'
[18:02:12] [LRCLIB] 🔍 /search '夢の続き' by '竹内まりや' (321s)
[18:02:12] [QQMusic] 🔍 搜索: '梦の続き' by '竹内まりや' (321s) album='REQUEST (30th Anniversary Edition) [2017 Remaster]'
[18:02:12] [NetEase] 🔍 搜索: '梦の続き' by '竹内まりや' (321s) album='REQUEST (30th Anniversary Edition) [2017 Remaster]'
[18:02:12] [LRCLIB] 🔍 /get '夢の続き' by '竹内まりや' (321s)
[18:02:12] [NetEase] 🔍 搜索: '夢の続き' by '竹内まりや' (321s) album='REQUEST (30th Anniversary Edition) [2017 Remaster]'
[18:02:12] [QQMusic] 🔑 关键词: ["梦の続き 竹内まりや", "夢の続き 竹內まりや", "梦の続き", "梦の続き request (30th anniversary edition) [2017 remaster]", "梦の続き request (30th anniversary edition) [2017 remaster] 竹内まりや", "request (30th anniversary edition) [2017 remaster] 竹内まりや", "竹内まりや", "梦の続き"]
[18:02:12] [QQMusic] 🔎 title+artist: '梦の続き 竹内まりや'
[18:02:12] [QQMusic] 🔑 关键词: ["梦の続き 竹内まりや", "夢の続き 竹內まりや", "梦の続き", "梦の続き request (30th anniversary edition) [2017 remaster]", "梦の続き request (30th anniversary edition) [2017 remaster] 竹内まりや", "request (30th anniversary edition) [2017 remaster] 竹内まりや", "竹内まりや", "梦の続き"]
[18:02:12] [QQMusic] 🔎 title+artist: '梦の続き 竹内まりや'
[18:02:12] [NetEase] 🔑 关键词: ["梦の続き 竹内まりや", "夢の続き 竹內まりや", "梦の続き", "梦の続き request (30th anniversary edition) [2017 remaster]", "梦の続き request (30th anniversary edition) [2017 remaster] 竹内まりや", "request (30th anniversary edition) [2017 remaster] 竹内まりや", "竹内まりや"]
[18:02:12] [NetEase] 🔎 title+artist: '梦の続き 竹内まりや'
[18:02:12] [NetEase] 🔑 关键词: ["梦の続き 竹内まりや", "夢の続き 竹內まりや", "梦の続き", "梦の続き request (30th anniversary edition) [2017 remaster]", "梦の続き request (30th anniversary edition) [2017 remaster] 竹内まりや", "request (30th anniversary edition) [2017 remaster] 竹内まりや", "竹内まりや"]
[18:02:12] [NetEase] 🔎 title+artist: '梦の続き 竹内まりや'
[18:02:12] [QQMusic] 🎯 候选: 'Yume no Tsuzuki' by 'Leo Dickinson' alb='City Pop Summer' q='title+artist' T=true A=false AL=false L=15 Δ1.0s, 'Yume no tsuzuki' by 'Tomiya' alb='Invisible Energy' q='title+artist' T=true A=false AL=false L=15 Δ2.0s, '夢の続き' by 'eill' alb='LOVE/LIKE/HATE' q='title+artist' T=false A=false AL=false L=4 Δ8.0s, 'Yume No Tsuzuki' by 'Saucy Lady / Slynk' alb='Chilled Beats 048 (Explicit)' q='title+artist' T=true A=false AL=false L=15 Δ8.0s, 'Yume No Tsuzuki' by 'Saucy Lady / Slynk' alb='Yume No Tsuzuki' q='title+artist' T=true A=false AL=false L=15 Δ13.0s
[18:02:12] [QQMusic] ❌ 无匹配
[18:02:12] [QQMusic] 🔎 alias+title:竹内まりや: 'yume no tsuzuki 竹内まりや'
[18:02:12] [QQMusic] 🔎 artist only: 'Mariya Takeuchi'
[18:02:12] [QQMusic] 🔎 title+artist: 'yume no tsuzuki Mariya Takeuchi'
[18:02:12] [QQMusic] 🔎 album+artist: 'request (30th anniversary edition) [2017 remaster] Mariya Takeuchi'
[18:02:12] [QQMusic] 🔎 title+album: 'yume no tsuzuki request (30th anniversary edition) [2017 remaster]'
[18:02:12] [QQMusic] 🔎 title only: 'yume no tsuzuki'
[18:02:12] [QQMusic] 🔎 title+album+artist: 'yume no tsuzuki request (30th anniversary edition) [2017 remaster] Mariya Takeuchi'
[18:02:12] [NetEase] 📦 title+artist: 20 个候选
[18:02:12] [NetEase] 📦 alias+title:竹内まりや: 20 个候选
[18:02:12] [NetEase] 🎯 候选: 'Yume no Tsuzuki' by 'Leo Dickinson' alb='City Pop Summer' q='title+artist' T=true A=false AL=false L=15 Δ0.2s, 'Yume no tsuzuki' by 'Tomiya' alb='eyes' q='title+artist' T=true A=false AL=false L=15 Δ0.4s, 'Yume no tsuzuki' by 'Tomiya' alb='Invisible Energy' q='title+artist' T=true A=false AL=false L=15 Δ1.6s, 'Yume No Tsuzuki ('89 CD Single Mix)' by '竹内まりや' alb='' q='title+artist' T=true A=false AL=false L=35 Δ2.1s, 'Yume No Tsuzuki' by 'Saucy Lady / Slynk' alb='Yume No Tsuzuki' q='title+artist' T=true A=false AL=false L=15 Δ7.5s
[18:02:12] [NetEase] ❌ 无匹配
[18:02:12] [NetEase] 📦 artist only: 20 个候选
[18:02:12] [NetEase] 🎯 候选: 'Yume no tsuzuki' by 'Tomiya' alb='eyes' q='alias+title:竹内まりや' T=true A=false AL=false L=15 Δ0.4s, 'Yume no tsuzuki' by 'Tomiya' alb='Invisible Energy' q='alias+title:竹内まりや' T=true A=false AL=false L=15 Δ1.6s, 'Yume No Tsuzuki ('89 CD Single Mix)' by '竹内まりや' alb='' q='alias+title:竹内まりや' T=true A=true AL=false L=35 Δ2.1s, 'Yume No Tsuzuki' by 'Saucy Lady / Slynk' alb='Yume No Tsuzuki' q='alias+title:竹内まりや' T=true A=false AL=false L=15 Δ7.5s, 'Yume No Tsuzuki' by 'Saucy Lady / Slynk' alb='Chilled Beats 048' q='alias+title:竹内まりや' T=true A=false AL=false L=15 Δ7.5s
[18:02:12] [NetEase] ✅ P1: 'Yume No Tsuzuki ('89 CD Single Mix)' by '竹内まりや' alb='' q='alias+title:竹内まりや' AL=false L=35 Δ2.1s
[18:02:12] [NetEase] 📦 title+album+artist: 20 个候选
[18:02:12] [NetEase] 🎯 候选: '天使のため息' by '竹内まりや' alb='天使のため息/ソウルメイトを探して sigh of an angel/looking for a soulmate' q='artist only' T=false A=false AL=false L=6 Δ7.2s, 'カムフラージュ' by '竹内まりや' alb='Expressions' q='artist only' T=false A=false AL=false L=7 Δ7.5s
[18:02:12] [NetEase] 📦 title+album: 20 个候选
[18:02:12] [NetEase] ❌ 无匹配
[18:02:12] [NetEase] 🎯 候选: 'Yume no Tsuzuki' by 'Leo Dickinson' alb='City Pop Summer' q='title+album+artist' T=true A=false AL=false L=15 Δ0.2s, 'Yume no tsuzuki' by 'Tomiya' alb='eyes' q='title+album+artist' T=true A=false AL=false L=15 Δ0.4s, 'Yume no tsuzuki' by 'Tomiya' alb='Invisible Energy' q='title+album+artist' T=true A=false AL=false L=15 Δ1.6s, 'Yume No Tsuzuki ('89 CD Single Mix)' by '竹内まりや' alb='' q='title+album+artist' T=true A=false AL=false L=35 Δ2.1s, 'Yume No Tsuzuki' by 'Saucy Lady / Slynk' alb='Yume No Tsuzuki' q='title+album+artist' T=true A=false AL=false L=15 Δ7.5s
[18:02:12] [NetEase] ❌ 无匹配
[18:02:12] [NetEase] 🎯 候选: 'Yume no Tsuzuki' by 'Leo Dickinson' alb='City Pop Summer' q='title+album' T=true A=false AL=false L=15 Δ0.2s, 'Yume no tsuzuki' by 'Tomiya' alb='eyes' q='title+album' T=true A=false AL=false L=15 Δ0.4s, 'Yume no tsuzuki' by 'Tomiya' alb='Invisible Energy' q='title+album' T=true A=false AL=false L=15 Δ1.6s, 'Yume No Tsuzuki ('89 CD Single Mix)' by '竹内まりや' alb='' q='title+album' T=true A=false AL=false L=35 Δ2.1s, 'Yume No Tsuzuki' by 'Saucy Lady / Slynk' alb='Yume No Tsuzuki' q='title+album' T=true A=false AL=false L=15 Δ7.5s
[18:02:12] [LRCLIB] ❌ /search empty for 'Yume No Tsuzuki (2017 Remaster)' by 'Mariya Takeuchi'
[18:02:12] [NetEase] ❌ 无匹配
[18:02:12] [QQMusic] 📦 title+album+artist: 0 个候选
[18:02:12] [QQMusic] 🎯 候选: 
[18:02:12] [NetEase] 📦 title+artist: 2 个候选
[18:02:12] [NetEase] 🎯 候选: '夢の続き' by '竹内まりや' alb='REQUEST -30th Anniversary Edition-' q='title+artist' T=true A=true AL=true L=4 Δ0.9s, '夢の続き ('89 CD Single Mix)' by '竹内まりや' alb='REQUEST -30th Anniversary Edition-' q='title+artist' T=true A=true AL=true L=24 Δ2.1s
[18:02:12] [NetEase] ✅ P1: '夢の続き' by '竹内まりや' alb='REQUEST -30th Anniversary Edition-' q='title+artist' AL=true L=4 Δ0.9s
[18:02:12] [NetEase] ⚡ Preflight exact match via 'title+artist' (albumMatch=true, Δ0.9s)
[18:02:12] [NetEase] ✅ 找到 songId=659412 albumMatch=true
[18:02:12] [NetEase] 📦 title+artist: 2 个候选
[18:02:12] [NetEase] 🎯 候选: '夢の続き' by '竹内まりや' alb='REQUEST -30th Anniversary Edition-' q='title+artist' T=true A=true AL=true L=4 Δ0.9s, '夢の続き ('89 CD Single Mix)' by '竹内まりや' alb='REQUEST -30th Anniversary Edition-' q='title+artist' T=true A=true AL=true L=24 Δ2.1s
[18:02:12] [NetEase] ✅ P1: '夢の続き' by '竹内まりや' alb='REQUEST -30th Anniversary Edition-' q='title+artist' AL=true L=4 Δ0.9s
[18:02:12] [NetEase] ⚡ Preflight exact match via 'title+artist' (albumMatch=true, Δ0.9s)
[18:02:12] [NetEase] ✅ 找到 songId=659412 albumMatch=true
[18:02:12] [NetEase] 📦 album+artist: 20 个候选
[18:02:12] [QQMusic] 📦 title+album: 20 个候选
[18:02:12] [QQMusic] 📦 album+artist: 16 个候选
[18:02:12] [NetEase] 🎯 候选: '夢の続き' by '竹内まりや' alb='REQUEST -30th Anniversary Edition-' q='album+artist' T=false A=true AL=true L=4 Δ0.9s, '夢の続き ('89 CD Single Mix)' by '竹内まりや' alb='REQUEST -30th Anniversary Edition-' q='album+artist' T=false A=false AL=true L=24 Δ2.1s, 'OH NO,OH YES!' by '竹内まりや' alb='REQUEST -30th Anniversary Edition-' q='album+artist' T=false A=false AL=true L=13 Δ2.7s, '3055 (Remastered 10th Anniversary Edition)' by 'Ólafur Arnalds' alb='Eulogy for Evolution 2017 (Remastered 10th Anniversary Edition)' q='album+artist' T=false A=false AL=false L=4 Δ5.3s, 'Quiet Life (2022 Remaster)' by '竹内まりや' alb='Quiet Life (30th Anniversary Edition) [2022 Remaster]' q='album+artist' T=false A=false AL=false L=10 Δ16.6s
[18:02:12] [NetEase] ❌ 无匹配
[18:02:12] [NetEase] ⚡ Best match via 'alias+title:竹内まりや' (no album match, titleMatch=true, rank=0, Δ2.1s) from 1 rounds
[18:02:12] [NetEase] ✅ 找到 songId=3384395759 albumMatch=false
[18:02:12] [QQMusic] 🎯 候选: 'Yume no Tsuzuki' by 'Leo Dickinson' alb='City Pop Summer' q='title+album' T=true A=false AL=false L=15 Δ1.0s, 'Yume no tsuzuki' by 'Tomiya' alb='Invisible Energy' q='title+album' T=true A=false AL=false L=15 Δ2.0s, 'Yume No Tsuzuki' by 'Saucy Lady / Slynk' alb='Chilled Beats 048 (Explicit)' q='title+album' T=true A=false AL=false L=15 Δ8.0s, '夢の続き' by 'eill' alb='LOVE/LIKE/HATE' q='title+album' T=false A=false AL=false L=4 Δ8.0s, 'Yume No Tsuzuki' by 'Saucy Lady / Slynk' alb='Yume No Tsuzuki' q='title+album' T=true A=false AL=false L=15 Δ13.0s
[18:02:12] [QQMusic] ❌ 无匹配
[18:02:12] [QQMusic] 🎯 候选: '夢の続き' by '竹内まりや' alb='REQUEST (30th Anniversary Edition)' q='album+artist' T=false A=true AL=true L=4 Δ0.0s, '夢の続き' by '竹内まりや' alb='REQUEST (30th Anniversary Edition)' q='album+artist' T=false A=false AL=true L=4 Δ2.0s, 'OH NO,OH YES!' by '竹内まりや' alb='REQUEST (30th Anniversary Edition)' q='album+artist' T=false A=false AL=true L=13 Δ3.0s
[18:02:12] [QQMusic] ❌ 无匹配
[18:02:12] [Artwork] 🎨 [iTunes API] 命中: album='Shiroi Natsu / Juggler - Single' (目标='Shiroi Natsu / Juggler - Single') via 'Juggler Kengo Kurozumi'
[18:02:12] [LRCLIB] ❌ /get error for '梦の続き' by '竹内まりや': notFound
[18:02:12] [QQMusic] 📦 title only: 20 个候选
[18:02:12] [QQMusic] 🎯 候选: 'Yume no Tsuzuki' by 'Leo Dickinson' alb='City Pop Summer' q='title only' T=true A=false AL=false L=15 Δ1.0s, 'Yume no tsuzuki' by 'Tomiya' alb='Invisible Energy' q='title only' T=true A=false AL=false L=15 Δ2.0s, 'Yume No Tsuzuki' by 'Saucy Lady / Slynk' alb='Chilled Beats 048 (Explicit)' q='title only' T=true A=false AL=false L=15 Δ8.0s, '夢の続き' by 'eill' alb='LOVE/LIKE/HATE' q='title only' T=false A=false AL=false L=4 Δ8.0s, 'Yume No Tsuzuki' by 'Saucy Lady / Slynk' alb='Yume No Tsuzuki' q='title only' T=true A=false AL=false L=15 Δ13.0s
[18:02:12] [QQMusic] ❌ 无匹配
[18:02:12] [QQMusic] 📦 artist only: 20 个候选
[18:02:12] [QQMusic] 📦 title+artist: 20 个候选
[18:02:12] [QQMusic] 📦 title+artist: 20 个候选
[18:02:12] [QQMusic] 📦 alias+title:竹内まりや: 20 个候选
[18:02:12] [QQMusic] 🎯 候选: 'OH NO,OH YES!' by '竹内まりや' alb='REQUEST (30th Anniversary Edition)' q='artist only' T=false A=false AL=true L=13 Δ3.0s, '幸せのものさし' by '竹内まりや' alb='幸せのものさし／うれしくてさみしい日' q='artist only' T=false A=false AL=false L=7 Δ6.0s
[18:02:12] [QQMusic] ❌ 无匹配
[18:02:12] [QQMusic] 🎯 候选: 'Yume no Tsuzuki' by 'Leo Dickinson' alb='City Pop Summer' q='title+artist' T=true A=false AL=false L=15 Δ1.0s, 'Yume no tsuzuki' by 'Tomiya' alb='Invisible Energy' q='title+artist' T=true A=false AL=false L=15 Δ2.0s, '夢の続き' by 'eill' alb='LOVE/LIKE/HATE' q='title+artist' T=false A=false AL=false L=4 Δ8.0s, 'Yume No Tsuzuki' by 'Saucy Lady / Slynk' alb='Chilled Beats 048 (Explicit)' q='title+artist' T=true A=false AL=false L=15 Δ8.0s, 'Yume No Tsuzuki' by 'Saucy Lady / Slynk' alb='Yume No Tsuzuki' q='title+artist' T=true A=false AL=false L=15 Δ13.0s
[18:02:12] [QQMusic] ❌ 无匹配
[18:02:12] [QQMusic] 🎯 候选: 'Yume no tsuzuki' by 'Tomiya' alb='Invisible Energy' q='alias+title:竹内まりや' T=true A=false AL=false L=15 Δ2.0s, 'OH NO,OH YES!' by '竹内まりや' alb='REQUEST (30th Anniversary Edition)' q='alias+title:竹内まりや' T=false A=true AL=true L=13 Δ3.0s, 'Yume No Tsuzuki' by 'Saucy Lady / Slynk' alb='Chilled Beats 048 (Explicit)' q='alias+title:竹内まりや' T=true A=false AL=false L=15 Δ8.0s
[18:02:12] [QQMusic] ❌ 无匹配
[18:02:12] [QQMusic] 🔎 alias artist only:竹内まりや: '竹内まりや'
[18:02:12] [QQMusic] 🎯 候选: '夢の続き' by '竹内まりや' alb='REQUEST (30th Anniversary Edition)' q='title+artist' T=true A=true AL=true L=4 Δ0.0s, '夢の続き' by '竹内まりや' alb='REQUEST (30th Anniversary Edition)' q='title+artist' T=true A=true AL=true L=4 Δ2.0s, 'OH NO,OH YES!' by '竹内まりや' alb='REQUEST (30th Anniversary Edition)' q='title+artist' T=false A=true AL=true L=13 Δ3.0s, '夢の続き' by '冰侍狐' alb='箫与尺八的城市律动' q='title+artist' T=true A=false AL=false L=4 Δ4.0s, '幸せのものさし' by '竹内まりや' alb='幸せのものさし／うれしくてさみしい日' q='title+artist' T=false A=true AL=false L=7 Δ6.0s
[18:02:12] [QQMusic] ✅ P1: '夢の続き' by '竹内まりや' alb='REQUEST (30th Anniversary Edition)' q='title+artist' AL=true L=4 Δ0.0s
[18:02:12] [QQMusic] ⚡ Preflight exact match via 'title+artist' (albumMatch=true, Δ0.0s)
[18:02:12] [QQMusic] ✅ 找到 songMid=0025m6x7459lWs albumMatch=true
[18:02:12] [NetEase] 🎯 YRC word-level: 37 lines, 37 synced
[18:02:12] [QQMusic] ⚠️ title+artist HTTP error: Error Domain=NSURLErrorDomain Code=-999 "cancelled" UserInfo={NSErrorFailingURLStringKey=https://u.y.qq.com/cgi-bin/musicu.fcg, NSErrorFailingURLKey=https://u.y.qq.com/cgi-bin/musicu.fcg, _NSURLErrorRelatedURLSessionTaskErrorKey=(
    "LocalDataTask <7AA37406-80CD-4E79-ACCF-2EFC1E7FF811>.<290>"
), _NSURLErrorFailingURLSessionTaskErrorKey=LocalDataTask <7AA37406-80CD-4E79-ACCF-2EFC1E7FF811>.<290>, NSLocalizedDescription=cancelled}
[18:02:12] [QQMusic] 🔎 traditional: '夢の続き 竹內まりや'
[18:02:12] [LRCLIB] ❌ /search error for '梦の続き' by '竹内まりや': Error Domain=NSURLErrorDomain Code=-999 "cancelled" UserInfo={NSErrorFailingURLStringKey=https://lrclib.net/api/search?q=%E6%A2%A6%E3%81%AE%E7%B6%9A%E3%81%8D%20%E7%AB%B9%E5%86%85%E3%81%BE%E3%82%8A%E3%82%84, NSErrorFailingURLKey=https://lrclib.net/api/search?q=%E6%A2%A6%E3%81%AE%E7%B6%9A%E3%81%8D%20%E7%AB%B9%E5%86%85%E3%81%BE%E3%82%8A%E3%82%84, _NSURLErrorRelatedURLSessionTaskErrorKey=(
    "LocalDataTask <9B7192F5-B321-4896-8D4A-737680D65595>.<307>"
), _NSURLErrorFailingURLSessionTaskErrorKey=LocalDataTask <9B7192F5-B321-4896-8D4A-737680D65595>.<307>, NSLocalizedDescription=cancelled}
[18:02:12] [QQMusic] 🔎 title only: '梦の続き'
[18:02:12] [QQMusic] 🔎 album+artist: 'request (30th anniversary edition) [2017 remaster] 竹内まりや'
[18:02:12] [QQMusic] 🔎 artist only: '竹内まりや'
[18:02:12] [QQMusic] 🔎 title+album: '梦の続き request (30th anniversary edition) [2017 remaster]'
[18:02:12] [QQMusic] 🔎 title+artist: '梦の続き 竹内まりや'
[18:02:12] [QQMusic] 🔎 title only: '梦の続き'
[18:02:12] [LyricsResultSelection.swift:134] 🔬 selectBestResult: 2 results, 2 synced (LRCLIB:synced/69,NetEase:synced/100)
[18:02:12] [QQMusic] 🔎 title+album+artist: '梦の続き request (30th anniversary edition) [2017 remaster] 竹内まりや'
[18:02:12] [LyricsResultSelection.swift:219] 🎯 Word-level pre-filter: keeping ["NetEase"], dropping ["LRCLIB"]
[18:02:12] [QQMusic] ❌ 获取歌词失败
[18:02:12] [LRCLIB] ❌ /search error for '夢の続き' by '竹内まりや': Error Domain=NSURLErrorDomain Code=-999 "cancelled" UserInfo={NSErrorFailingURLStringKey=https://lrclib.net/api/search?q=%E5%A4%A2%E3%81%AE%E7%B6%9A%E3%81%8D%20%E7%AB%B9%E5%86%85%E3%81%BE%E3%82%8A%E3%82%84, NSErrorFailingURLKey=https://lrclib.net/api/search?q=%E5%A4%A2%E3%81%AE%E7%B6%9A%E3%81%8D%20%E7%AB%B9%E5%86%85%E3%81%BE%E3%82%8A%E3%82%84, _NSURLErrorRelatedURLSessionTaskErrorKey=(
    "LocalDataTask <11E41907-C7DE-483F-8A7D-9419BB104371>.<313>"
), _NSURLErrorFailingURLSessionTaskErrorKey=LocalDataTask <11E41907-C7DE-483F-8A7D-9419BB104371>.<313>, NSLocalizedDescription=cancelled}
[18:02:12] [QQMusic] ⚠️ traditional HTTP error: Error Domain=NSURLErrorDomain Code=-999 "cancelled" UserInfo={NSErrorFailingURLStringKey=https://u.y.qq.com/cgi-bin/musicu.fcg, NSErrorFailingURLKey=https://u.y.qq.com/cgi-bin/musicu.fcg, _NSURLErrorRelatedURLSessionTaskErrorKey=(
    "LocalDataTask <2DF3B54E-A6AC-45BD-B1A4-6ECAB1E56C73>.<314>"
), _NSURLErrorFailingURLSessionTaskErrorKey=LocalDataTask <2DF3B54E-A6AC-45BD-B1A4-6ECAB1E56C73>.<314>, NSLocalizedDescription=cancelled}
[18:02:12] [QQMusic] ⚠️ album+artist HTTP error: Error Domain=NSURLErrorDomain Code=-999 "cancelled" UserInfo={NSErrorFailingURLStringKey=https://u.y.qq.com/cgi-bin/musicu.fcg, NSErrorFailingURLKey=https://u.y.qq.com/cgi-bin/musicu.fcg, _NSURLErrorRelatedURLSessionTaskErrorKey=(
    "LocalDataTask <D47E8ED2-B828-4E80-9DC5-244533E6150F>.<315>"
), _NSURLErrorFailingURLSessionTaskErrorKey=LocalDataTask <D47E8ED2-B828-4E80-9DC5-244533E6150F>.<315>, NSLocalizedDescription=cancelled}
[18:02:12] [QQMusic] ⚠️ title only HTTP error: Error Domain=NSURLErrorDomain Code=-999 "cancelled" UserInfo={NSErrorFailingURLStringKey=https://u.y.qq.com/cgi-bin/musicu.fcg, NSErrorFailingURLKey=https://u.y.qq.com/cgi-bin/musicu.fcg, _NSURLErrorRelatedURLSessionTaskErrorKey=(
    "LocalDataTask <C194EFE7-5585-4898-A8F1-0ED1D9B8BA26>.<316>"
), _NSURLErrorFailingURLSessionTaskErrorKey=LocalDataTask <C194EFE7-5585-4898-A8F1-0ED1D9B8BA26>.<316>, NSLocalizedDescription=cancelled}
[18:02:12] [QQMusic] ⚠️ artist only HTTP error: Error Domain=NSURLErrorDomain Code=-999 "cancelled" UserInfo={NSErrorFailingURLStringKey=https://u.y.qq.com/cgi-bin/musicu.fcg, NSErrorFailingURLKey=https://u.y.qq.com/cgi-bin/musicu.fcg, _NSURLErrorRelatedURLSessionTaskErrorKey=(
    "LocalDataTask <C97DF7C6-19A5-45A9-A1F4-4F707C9A3133>.<317>"
), _NSURLErrorFailingURLSessionTaskErrorKey=LocalDataTask <C97DF7C6-19A5-45A9-A1F4-4F707C9A3133>.<317>, NSLocalizedDescription=cancelled}
[18:02:12] [QQMusic] ⚠️ title only HTTP error: Error Domain=NSURLErrorDomain Code=-999 "cancelled" UserInfo={NSErrorFailingURLStringKey=https://u.y.qq.com/cgi-bin/musicu.fcg, NSErrorFailingURLKey=https://u.y.qq.com/cgi-bin/musicu.fcg, _NSURLErrorRelatedURLSessionTaskErrorKey=(
    "LocalDataTask <14940870-14D8-4EC9-9871-02447E02F55F>.<319>"
), _NSURLErrorFailingURLSessionTaskErrorKey=LocalDataTask <14940870-14D8-4EC9-9871-02447E02F55F>.<319>, NSLocalizedDescription=cancelled}
[18:02:12] [QQMusic] ⚠️ title+album HTTP error: Error Domain=NSURLErrorDomain Code=-999 "cancelled" UserInfo={NSErrorFailingURLStringKey=https://u.y.qq.com/cgi-bin/musicu.fcg, NSErrorFailingURLKey=https://u.y.qq.com/cgi-bin/musicu.fcg, _NSURLErrorRelatedURLSessionTaskErrorKey=(
    "LocalDataTask <52C9B3D1-D7B4-4D37-81FB-F7D849220C09>.<318>"
), _NSURLErrorFailingURLSessionTaskErrorKey=LocalDataTask <52C9B3D1-D7B4-4D37-81FB-F7D849220C09>.<318>, NSLocalizedDescription=cancelled}
[18:02:12] [LyricsResultSelection.swift:879] 🏆 Final selection: NetEase (score=100.0, kind=synced)
[18:02:12] [QQMusic] ⚠️ title+album+artist HTTP error: Error Domain=NSURLErrorDomain Code=-999 "cancelled" UserInfo={NSErrorFailingURLStringKey=https://u.y.qq.com/cgi-bin/musicu.fcg, NSErrorFailingURLKey=https://u.y.qq.com/cgi-bin/musicu.fcg, _NSURLErrorRelatedURLSessionTaskErrorKey=(
    "LocalDataTask <679CA112-EBF3-46E3-AF12-D59AC4FB3B41>.<320>"
), _NSURLErrorFailingURLSessionTaskErrorKey=LocalDataTask <679CA112-EBF3-46E3-AF12-D59AC4FB3B41>.<320>, NSLocalizedDescription=cancelled}
[18:02:12] [LyricsFetcher.swift:2502] 🧭 Native-title witness backfill HIT: NetEase
[18:02:12] [QQMusic] ⚠️ title+artist HTTP error: Error Domain=NSURLErrorDomain Code=-999 "cancelled" UserInfo={NSErrorFailingURLStringKey=https://u.y.qq.com/cgi-bin/musicu.fcg, NSErrorFailingURLKey=https://u.y.qq.com/cgi-bin/musicu.fcg, _NSURLErrorRelatedURLSessionTaskErrorKey=(
    "LocalDataTask <E381C9B9-56DF-4680-A0A9-488A75EAAD21>.<321>"
), _NSURLErrorFailingURLSessionTaskErrorKey=LocalDataTask <E381C9B9-56DF-4680-A0A9-488A75EAAD21>.<321>, NSLocalizedDescription=cancelled}
[18:02:12] [LyricsResultSelection.swift:134] 🔬 selectBestResult: 2 results, 2 synced (LRCLIB:synced/70,NetEase:synced/100)
[18:02:12] [QQMusic] ❌ 未找到歌曲
[18:02:12] [LyricsResultSelection.swift:219] 🎯 Word-level pre-filter: keeping ["NetEase"], dropping ["LRCLIB"]
[18:02:12] [LyricsResultSelection.swift:879] 🏆 Final selection: NetEase (score=100.0, kind=synced)
[18:02:12] [NetEase] ❌ 获取歌词失败/低质 — trying parallel fallback probes
[18:02:12] [QQMusic] ⚠️ alias artist only:竹内まりや HTTP error: Error Domain=NSURLErrorDomain Code=-999 "cancelled" UserInfo={NSErrorFailingURLStringKey=https://u.y.qq.com/cgi-bin/musicu.fcg, NSErrorFailingURLKey=https://u.y.qq.com/cgi-bin/musicu.fcg, _NSURLErrorRelatedURLSessionTaskErrorKey=(
    "LocalDataTask <1018BA03-62B7-4EF8-8423-C06DF11977B0>.<310>"
), _NSURLErrorFailingURLSessionTaskErrorKey=LocalDataTask <1018BA03-62B7-4EF8-8423-C06DF11977B0>.<310>, NSLocalizedDescription=cancelled}
[18:02:12] [QQMusic] 🔎 alias album+artist:竹内まりや: 'request (30th anniversary edition) [2017 remaster] 竹内まりや'
[18:02:12] [QQMusic] ⚠️ alias album+artist:竹内まりや HTTP error: Error Domain=NSURLErrorDomain Code=-999 "cancelled" UserInfo={NSErrorFailingURLStringKey=https://u.y.qq.com/cgi-bin/musicu.fcg, NSErrorFailingURLKey=https://u.y.qq.com/cgi-bin/musicu.fcg, _NSURLErrorRelatedURLSessionTaskErrorKey=(
    "LocalDataTask <BB5864D5-6137-47EE-BDE1-10356D5F8625>.<326>"
), _NSURLErrorFailingURLSessionTaskErrorKey=LocalDataTask <BB5864D5-6137-47EE-BDE1-10356D5F8625>.<326>, NSLocalizedDescription=cancelled}
[18:02:12] [QQMusic] ❌ 未找到歌曲
[18:02:12] [NetEase] 🎯 YRC word-level: 37 lines, 37 synced
[18:02:12] [LyricsFetcher.swift:2257] 🧭 Authoritative lyrics backfill HIT: NetEase 37L in 1.0s
[18:02:12] [LyricsService] 📦 Cached: 'yume no tsuzuki 2017 remaster|mariya takeuchi|request 30th anniversary edition 2017 remaster|321' (38 lines, unsynced=false)
[18:02:12] [LyricsService] 📋 Applied: 'yume no tsuzuki 2017 remaster|mariya takeuchi|request 30th anniversary edition 2017 remaster|321' 38L, firstReal="Baby, Baby, don't look so sad", unsynced=false
[18:02:12] [MetadataResolver] 💿 album scoped resolve: 'Yume No Tsuzuki (2017 Remaster)'/'REQUEST (30th Anniversary Edition) [2017 Remaster]' → '夢の続き'/'Turntable' by '竹内まりや' (JP, Δ0.87s)
[18:02:13] [Artwork] 🎨 [iTunes API] 全部策略失败: 'Fantasy' by 'Meiko Nakahara'
[18:02:13] [LyricsService.swift:2649] ⚠️ Song changed during translation, discarding results
[18:02:13] [LyricsService.swift:2649] 🔄 Starting translation: 12/38 lines
[18:02:13] [LyricsService.swift:2649] ✅ Translation completed: 12 lines
[18:02:15] [Poll] 🔄 Track check via AppleScript — reason: identity heartbeat (5s)
[18:02:21] [Poll] 🔄 Track check via AppleScript — reason: identity heartbeat (5s)
[18:02:23] [ActiveBrightness] idx=3 rowOp=0.999 bright=1.000 dimTier=0.35 eff=0.999 deferred=- occluded=0 loop=1 sinceUnoccluded=-
[18:02:23] [LineGaps] idx=3 anchor=42.0 rows=[1:y=-186.0 h=114.0 s=0.95 g=11.5 b=1.5][2:y=-60.5 h=94.0 s=0.95 g=8.5 b=0.5][3:y=42.0 h=99.0 s=1.00 g=7.7 b=0.0][4:y=148.7 h=67.5 s=0.95 g=9.5 b=0.5][5:y=225.6 h=67.5 s=0.95 g=10.1 b=1.5][6:y=303.2 h=94.0 s=0.95 g=- b=2.0]
[18:02:25] [ActiveBrightness] idx=4 rowOp=0.999 bright=1.000 dimTier=0.35 eff=0.999 deferred=- occluded=0 loop=1 sinceUnoccluded=-
[18:02:25] [LineGaps] idx=4 anchor=42.0 rows=[2:y=-165.5 h=94.0 s=0.95 g=11.0 b=1.5][3:y=-60.5 h=94.0 s=0.95 g=8.5 b=0.5][4:y=42.0 h=71.0 s=1.00 g=7.7 b=0.0][5:y=120.7 h=67.5 s=0.95 g=10.2 b=0.5][6:y=198.4 h=94.0 s=0.95 g=10.8 b=1.5][7:y=303.2 h=94.0 s=0.95 g=- b=2.0]
[18:02:27] [Poll] 🔄 Track check via AppleScript — reason: identity heartbeat (5s)
[18:02:29] [ActiveBrightness] idx=5 rowOp=0.999 bright=1.000 dimTier=0.35 eff=0.999 deferred=- occluded=0 loop=1 sinceUnoccluded=-
[18:02:29] [LineGaps] idx=5 anchor=42.0 rows=[3:y=-137.5 h=94.0 s=0.95 g=10.3 b=1.5][4:y=-33.2 h=67.5 s=0.95 g=7.8 b=0.5][5:y=42.0 h=71.0 s=1.00 g=8.4 b=0.0][6:y=121.4 h=94.0 s=0.95 g=10.9 b=0.5][7:y=226.4 h=94.0 s=0.95 g=10.2 b=1.5][8:y=330.6 h=67.5 s=0.95 g=- b=2.0]
[18:02:33] [Poll] 🔄 Track check via AppleScript — reason: identity heartbeat (5s)
[18:02:35] [QueuePreload] checkQueueHashAndRefresh reason=timer:30s
[18:02:35] [PlayerState] 📊 track='Yume No Tsuzuki (2017 Remaster)' pid='B598587602F8D625' dur=321.866 changed=false curPID='B598587602F8D625'
[18:02:39] [ActiveBrightness] idx=6 rowOp=0.999 bright=1.000 dimTier=0.35 eff=0.999 deferred=- occluded=0 loop=1 sinceUnoccluded=-
[18:02:39] [LineGaps] idx=6 anchor=42.0 rows=[4:y=-110.2 h=67.5 s=0.95 g=9.5 b=1.5][5:y=-33.2 h=67.5 s=0.95 g=7.8 b=0.5][6:y=42.0 h=99.0 s=1.00 g=8.4 b=0.0][7:y=149.4 h=94.0 s=0.95 g=10.2 b=0.5][8:y=253.7 h=67.5 s=0.95 g=10.2 b=1.5][9:y=331.3 h=94.0 s=0.95 g=- b=2.0]
[18:02:39] [Poll] 🔄 Track check via AppleScript — reason: identity heartbeat (5s)
[18:02:45] [Poll] 🔄 Track check via AppleScript — reason: identity heartbeat (5s)
[18:02:47] [ActiveBrightness] idx=7 rowOp=0.999 bright=1.000 dimTier=0.35 eff=0.999 deferred=- occluded=0 loop=1 sinceUnoccluded=-
[18:02:47] [LineGaps] idx=7 anchor=42.0 rows=[5:y=-138.2 h=67.5 s=0.95 g=10.2 b=1.5][6:y=-60.5 h=94.0 s=0.95 g=8.5 b=0.5][7:y=42.0 h=99.0 s=1.00 g=7.7 b=0.0][8:y=148.7 h=67.5 s=0.95 g=10.2 b=0.5][9:y=226.3 h=94.0 s=0.95 g=10.8 b=1.5][10:y=331.2 h=94.0 s=0.95 g=- b=2.0]
[18:02:51] [Poll] 🔄 Track check via AppleScript — reason: identity heartbeat (5s)
[18:02:54] [ActiveBrightness] idx=8 rowOp=0.999 bright=1.000 dimTier=0.35 eff=0.999 deferred=- occluded=0 loop=1 sinceUnoccluded=-
[18:02:54] [LineGaps] idx=8 anchor=42.0 rows=[6:y=-165.5 h=94.0 s=0.95 g=10.9 b=1.5][7:y=-60.5 h=94.0 s=0.95 g=8.5 b=0.5][8:y=42.0 h=71.0 s=1.00 g=8.4 b=0.0][9:y=121.4 h=94.0 s=0.95 g=10.9 b=0.5][10:y=226.3 h=94.0 s=0.95 g=11.3 b=1.5][11:y=331.7 h=114.0 s=0.95 g=- b=2.0]
[18:02:57] [Poll] 🔄 Track check via AppleScript — reason: identity heartbeat (5s)
[18:02:59] [ActiveBrightness] idx=9 rowOp=0.999 bright=1.000 dimTier=0.35 eff=0.999 deferred=- occluded=0 loop=1 sinceUnoccluded=-
[18:02:59] [LineGaps] idx=9 anchor=42.0 rows=[7:y=-137.5 h=94.0 s=0.95 g=10.3 b=1.5][8:y=-33.2 h=67.5 s=0.95 g=7.8 b=0.5][9:y=42.0 h=99.0 s=1.00 g=8.4 b=0.0][10:y=149.4 h=94.0 s=0.95 g=11.4 b=0.5][11:y=254.9 h=114.0 s=0.95 g=12.1 b=1.5][12:y=381.0 h=120.6 s=0.95 g=- b=2.0]
[18:03:03] [ActiveBrightness] idx=10 rowOp=0.999 bright=1.000 dimTier=0.35 eff=0.999 deferred=- occluded=0 loop=1 sinceUnoccluded=-
[18:03:03] [LineGaps] idx=10 anchor=42.0 rows=[8:y=-138.2 h=67.5 s=0.95 g=10.2 b=1.5][9:y=-60.5 h=94.0 s=0.95 g=8.5 b=0.5][10:y=42.0 h=99.0 s=1.00 g=9.0 b=0.0][11:y=149.9 h=114.0 s=0.95 g=12.1 b=0.5][12:y=276.0 h=120.6 s=0.95 g=11.5 b=1.5][13:y=408.2 h=94.0 s=0.95 g=- b=2.0]
[18:03:03] [Poll] 🔄 Track check via AppleScript — reason: identity heartbeat (5s)
[18:03:05] [QueuePreload] checkQueueHashAndRefresh reason=timer:30s
[18:03:05] [PlayerState] 📊 track='Yume No Tsuzuki (2017 Remaster)' pid='B598587602F8D625' dur=321.866 changed=false curPID='B598587602F8D625'
[18:03:09] [Poll] 🔄 Track check via AppleScript — reason: identity heartbeat (5s)
[18:03:11] [ActiveBrightness] idx=11 rowOp=0.999 bright=1.000 dimTier=0.35 eff=0.999 deferred=- occluded=0 loop=1 sinceUnoccluded=-
[18:03:11] [LineGaps] idx=11 anchor=42.0 rows=[9:y=-165.5 h=94.0 s=0.95 g=10.9 b=1.5][10:y=-60.5 h=94.0 s=0.95 g=8.5 b=0.5][11:y=42.0 h=120.0 s=1.00 g=9.1 b=0.0][12:y=171.1 h=120.6 s=0.95 g=11.6 b=0.5][13:y=303.3 h=94.0 s=0.95 g=10.1 b=1.5][14:y=407.5 h=68.4 s=0.95 g=- b=2.0]
[18:03:15] [Poll] 🔄 Track check via AppleScript — reason: identity heartbeat (5s)
[18:03:15] [ActiveBrightness] idx=12 rowOp=0.999 bright=1.000 dimTier=0.35 eff=0.999 deferred=- occluded=0 loop=1 sinceUnoccluded=-
[18:03:15] [LineGaps] idx=12 anchor=42.0 rows=[10:y=-186.5 h=94.0 s=0.95 g=11.5 b=1.5][11:y=-81.0 h=114.0 s=0.95 g=9.0 b=0.5][12:y=42.0 h=127.0 s=1.00 g=8.4 b=0.0][13:y=177.4 h=94.0 s=0.95 g=10.2 b=0.5][14:y=281.6 h=68.4 s=0.95 g=10.1 b=1.5][15:y=360.2 h=95.0 s=0.95 g=- b=2.0]
[18:03:21] [Poll] 🔄 Track check via AppleScript — reason: identity heartbeat (5s)
[18:03:22] [ActiveBrightness] idx=14 rowOp=0.999 bright=1.000 dimTier=0.35 eff=0.999 deferred=- occluded=0 loop=1 sinceUnoccluded=-
[18:03:23] [LineGaps] idx=14 anchor=42.0 rows=[12:y=-192.8 h=120.6 s=0.95 g=11.6 b=1.5][13:y=-60.5 h=94.0 s=0.95 g=8.5 b=0.5][14:y=42.0 h=72.0 s=1.00 g=8.5 b=0.0][15:y=122.4 h=95.0 s=0.95 g=11.6 b=0.5][16:y=229.0 h=120.6 s=0.95 g=12.0 b=1.5][17:y=361.7 h=114.0 s=0.95 g=- b=2.0]
[18:03:27] [Poll] 🔄 Track check via AppleScript — reason: identity heartbeat (5s)
[18:03:30] [Artwork] 🎵 Track changed: Second Love (Live at YOMIURI LAND EAST, 1989) [2022 Lacquer Master Sound] - Akina Nakamori
[18:03:30] [Artwork] 🎨 fetchArtwork: Second Love (Live at YOMIURI LAND EAST, 1989) [2022 Lacquer Master Sound] - Akina Nakamori gen=7
[18:03:30] [Artwork] 🎨 Cache MISS, starting concurrent fetch (SB + API in parallel)...
[18:03:30] [Artwork] 🎨 Cache MISS, retaining previous artwork until replacement is ready
[18:03:30] [Artwork] 🎨 [SB] Starting ScriptingBridge fetch...
[18:03:30] [LyricsService] 🚀 fetchLyrics START: 'Second Love (Live at YOMIURI LAND EAST, 1989) [2022 Lacquer Master Sound]' by 'Akina Nakamori' dur=164.0 album='AKINA EAST LIVE INDEX-XXIII (2022 Lacquer Master Sound)' (forceRefresh=false, curSongID='yume no tsuzuki 2017 remaster|mariya takeuchi|request 30th anniversary edition 2017 remaster|321', curDur=321.0, curAlbum='REQUEST (30th Anniversary Edition) [2017 Remaster]')
[18:03:30] [LyricsService] 🔄 Starting async lyrics fetch...
[18:03:30] [LyricsFetch] fetchAllSources caller=foreground songID='second love live at yomiuri land east 1989 2022 lacquer master sound|akina nakamori|akina east live indexxxiii 2022 lacquer master sound|164' album='AKINA EAST LIVE INDEX-XXIII (2022 Lacquer Master Sound)' dur=164.0
[18:03:30] [LyricsFetcher.swift:668] 🚀 fetchAllSources START: 'Second Love (Live at YOMIURI LAND EAST, 1989) [2022 Lacquer Master Sound]' by 'Akina Nakamori' (164s) album='AKINA EAST LIVE INDEX-XXIII (2022 Lacquer Master Sound)'
[18:03:30] [AMLL] 🔍 请求: 'Second Love (Live at YOMIURI LAND EAST, 1989) [2022 Lacquer Master Sound]' by 'Akina Nakamori' (164s)
[18:03:30] [LRCLIB] 🔍 /search 'Second Love (Live at YOMIURI LAND EAST, 1989) [2022 Lacquer Master Sound]' by 'Akina Nakamori' (164s)
[18:03:30] [QQMusic] 🔍 搜索: 'Second Love (Live at YOMIURI LAND EAST, 1989) [2022 Lacquer Master Sound]' by 'Akina Nakamori' (164s) album='AKINA EAST LIVE INDEX-XXIII (2022 Lacquer Master Sound)'
[18:03:30] [NetEase] 🔍 搜索: 'Second Love (Live at YOMIURI LAND EAST, 1989) [2022 Lacquer Master Sound]' by 'Akina Nakamori' (164s) album='AKINA EAST LIVE INDEX-XXIII (2022 Lacquer Master Sound)'
[18:03:30] [LRCLIB] 🔍 /get 'Second Love (Live at YOMIURI LAND EAST, 1989) [2022 Lacquer Master Sound]' by 'Akina Nakamori' (164s)
[18:03:30] [LyricsFetcher.swift:1069] ⚡ Branch-2 catalog exact-title foreground: 'Second Love (Live at YOMIURI LAND EAST, 1989) [2022 Lacquer Master Sound]' album='AKINA EAST LIVE INDEX-XXIII (2022 Lacquer Master Sound)'
[18:03:30] [LyricsFetcher.swift:1121] ⚡ Branch-2 library native-title catalog bridge: 'Second Love (Live at YOMIURI LAND EAST, 1989) [2022 Lacquer Master Sound]' by 'Akina Nakamori'
[18:03:30] [Poll] 🔄 Track check via AppleScript — reason: radio backstop (1s)
[18:03:30] [QQMusic] 🔑 关键词: ["second love [2022 lacquer master sound] Akina Nakamori", "second love [2022 lacquer master sound] akina east live index xxiii (2022 lacquer master sound)", "second love [2022 lacquer master sound] akina east live index xxiii (2022 lacquer master sound) Akina Nakamori", "akina east live index xxiii (2022 lacquer master sound) Akina Nakamori", "Akina Nakamori", "second love [2022 lacquer master sound]"]
[18:03:30] [QQMusic] 🔎 title+artist: 'second love [2022 lacquer master sound] Akina Nakamori'
[18:03:30] [NetEase] 🔑 关键词: ["second love [2022 lacquer master sound] Akina Nakamori", "second love [2022 lacquer master sound] akina east live index xxiii (2022 lacquer master sound)", "second love [2022 lacquer master sound] akina east live index xxiii (2022 lacquer master sound) Akina Nakamori", "akina east live index xxiii (2022 lacquer master sound) Akina Nakamori", "Akina Nakamori"]
[18:03:30] [NetEase] 🔎 title+artist: 'second love [2022 lacquer master sound] Akina Nakamori'
[18:03:30] [Artwork] 🎨 [SB] SUCCESS! Got image (600.0, 599.0)
[18:03:30] [Timing] 🔴 POLL DELAY: queueWait=0ms sbRead=55.3ms pos=0.00
[18:03:30] [LRCLIB] ❌ /get error for 'Second Love (Live at YOMIURI LAND EAST, 1989) [2022 Lacquer Master Sound]' by 'Akina Nakamori': notFound
[18:03:30] [LyricsService] ⏭️ Skipping duplicate fetch: 'second love live at yomiuri land east 1989 2022 lacquer master sound|akina nakamori|akina east live indexxxiii 2022 lacquer master sound|164' (currentSongID='second love live at yomiuri land east 1989 2022 lacquer master sound|akina nakamori|akina east live indexxxiii 2022 lacquer master sound|164')
[18:03:30] [LRCLIB] ❌ /search no acceptable synced match for 'Second Love (Live at YOMIURI LAND EAST, 1989) [2022 Lacquer Master Sound]' by 'Akina Nakamori' (2 rows)
[18:03:30] [AMLL] ❌ 未命中: 索引无匹配候选 [309ms]
[18:03:30] [NetEase] 📦 title+artist: 20 个候选
[18:03:30] [NetEase] 🎯 候选: 
[18:03:30] [NetEase] 🔎 title+album+artist: 'second love [2022 lacquer master sound] akina east live index xxiii (2022 lacquer master sound) Akina Nakamori'
[18:03:30] [NetEase] 🔎 artist only: 'Akina Nakamori'
[18:03:30] [NetEase] 🔎 title+artist: 'second love [2022 lacquer master sound] Akina Nakamori'
[18:03:30] [NetEase] 🔎 album+artist: 'akina east live index xxiii (2022 lacquer master sound) Akina Nakamori'
[18:03:30] [NetEase] 🔎 title+album: 'second love [2022 lacquer master sound] akina east live index xxiii (2022 lacquer master sound)'
[18:03:30] [QQMusic] 📦 title+artist: 20 个候选
[18:03:30] [QQMusic] 🎯 候选: 'Second Love' by '中森明菜' alb='AKINA EAST LIVE INDEX-XXIII (2022 Lacquer Master Sound)' q='title+artist' T=true A=true AL=true L=11 Δ0.0s, 'Second Love' by '中森明菜' alb='Akina East Live Index-XXIII' q='title+artist' T=true A=true AL=true L=11 Δ0.0s
[18:03:30] [QQMusic] ✅ P1: 'Second Love' by '中森明菜' alb='AKINA EAST LIVE INDEX-XXIII (2022 Lacquer Master Sound)' q='title+artist' AL=true L=11 Δ0.0s
[18:03:30] [QQMusic] ⚡ Preflight exact match via 'title+artist' (albumMatch=true, Δ0.0s)
[18:03:30] [QQMusic] ✅ 找到 songMid=003c0Xyb1Zbut0 albumMatch=true
[18:03:31] [LyricsFetcher.swift:1335] ✅ QQ: score=44.1, lines=14, albumMatch=true
[18:03:31] [Artwork] 🎨 [iTunes API] 全部策略失败: 'Second Love (Live at YOMIURI LAND EAST, 1989) [2022 Lacquer Master Sound]' by 'Akina Nakamori'
[18:03:31] [Artwork] 🎨 [API] No artwork found, scheduling retry (placeholder deferred)
[18:03:31] [NetEase] 🔗 CJK artist resolve: 'Akina Nakamori' → ["中森明菜"]
[18:03:31] [NetEase] 🔎 alias+title:中森明菜: 'second love [2022 lacquer master sound] 中森明菜'
[18:03:31] [NetEase] 📦 album+artist: 20 个候选
[18:03:31] [NetEase] 📦 title+album+artist: 20 个候选
[18:03:31] [NetEase] 📦 title+album: 20 个候选
[18:03:31] [NetEase] 📦 title+artist: 20 个候选
[18:03:31] [NetEase] 🎯 候选: 
[18:03:31] [NetEase] 📦 artist only: 20 个候选
[18:03:31] [NetEase] 🎯 候选: 
[18:03:31] [NetEase] 🎯 候选: '十戒 (1984) [Live at YOMIURI LAND EAST, 1989] [2022 Lacquer Master Sound]' by '中森明菜' alb='AKINA EAST LIVE INDEX-ⅩⅩIII <2022ラッカーマスターサウンド>' q='title+album+artist' T=false A=false AL=false L=37 Δ4.5s, '禁区 (Live at YOMIURI LAND EAST, 1989) [2022 Lacquer Master Sound]' by '中森明菜' alb='AKINA EAST LIVE INDEX-ⅩⅩIII <2022ラッカーマスターサウンド>' q='title+album+artist' T=false A=false AL=false L=30 Δ19.2s
[18:03:31] [NetEase] 🎯 候选: '十戒 (1984) [Live at YOMIURI LAND EAST, 1989] [2022 Lacquer Master Sound]' by '中森明菜' alb='AKINA EAST LIVE INDEX-ⅩⅩIII <2022ラッカーマスターサウンド>' q='title+album' T=false A=false AL=false L=37 Δ4.5s, '禁区 (Live at YOMIURI LAND EAST, 1989) [2022 Lacquer Master Sound]' by '中森明菜' alb='AKINA EAST LIVE INDEX-ⅩⅩIII <2022ラッカーマスターサウンド>' q='title+album' T=false A=false AL=false L=30 Δ19.2s
[18:03:31] [NetEase] ❌ 无匹配
[18:03:31] [NetEase] ❌ 无匹配
[18:03:31] [NetEase] 🎯 候选: 'セカンド・ラヴ (Live)' by '中森明菜' alb='AKINA EAST LIVE INDEX-XXIII The 8th Anniversary' q='album+artist' T=false A=true AL=false L=7 Δ0.5s, 'サザン・ウインド (Live)' by '中森明菜' alb='AKINA EAST LIVE INDEX-XXIII The 8th Anniversary' q='album+artist' T=false A=false AL=false L=8 Δ2.5s, '十戒 (1984) [Live]' by '中森明菜' alb='AKINA EAST LIVE INDEX-XXIII The 8th Anniversary' q='album+artist' T=false A=false AL=false L=9 Δ4.5s, 'SAND BEIGE -砂漠へ- (Live)' by '中森明菜' alb='AKINA EAST LIVE INDEX-XXIII The 8th Anniversary' q='album+artist' T=false A=false AL=false L=16 Δ6.8s, 'Sand Beige: Sabakue (Live) [Akina East Live Version]' by '中森明菜' alb='Akina East Live Index-XXIII [2014 Remaster]' q='album+artist' T=false A=false AL=false L=45 Δ6.8s
[18:03:31] [NetEase] ❌ 无匹配
[18:03:31] [Timing] 📐 DRIFT CORRECTION: drift=-0.79s polled=0.31 interpolated=1.10
[18:03:31] [Artwork] 🎨 [PlaybackSession] no matching artwork URL for 'Second Love (Live at YOMIURI LAND EAST, 1989) [2022 Lacquer Master Sound]' by 'Akina Nakamori'
[18:03:31] [NetEase] 📦 alias+title:中森明菜: 1 个候选
[18:03:31] [NetEase] 🎯 候选: 
[18:03:31] [NetEase] 🔎 alias artist only:中森明菜: '中森明菜'
[18:03:32] [NetEase] 📦 alias artist only:中森明菜: 20 个候选
[18:03:32] [NetEase] 🎯 候选: 
[18:03:32] [NetEase] 🔎 alias album+artist:中森明菜: 'akina east live index xxiii (2022 lacquer master sound) 中森明菜'
[18:03:32] [Playback] ⚠️ Apple Music recent tracks failed: Failed to request developer token
[18:03:32] [Playback] 🔍 [getUpNextTracksFromApp] outcome=success(playlistName: Optional("Midnight Highway ‘86")) playlistName=Midnight Highway ‘86 kind=Apple Music AAC audio file trackCount=97
[18:03:32] [Artwork] 🎨 [iTunes API] 全部策略失败: 'Second Love (Live at YOMIURI LAND EAST, 1989) [2022 Lacquer Master Sound]' by 'Akina Nakamori'
[18:03:32] [QueuePreload] fetchUpNextViaBridge outcome=success(playlistName: Optional("Midnight Highway ‘86")) didChange=true currentTrack='Second Love (Live at YOMIURI LAND EAST, 1989) [2022 Lacquer Master Sound]' tracks=["Second Love|album=\'Akina Nakamori - Utahime Double Decade -\'|dur=284.25299072265625", "Shoujo A|album=\'Variation\'|dur=213.8820037841797"]
[18:03:32] [QueuePreload] preloadNearbyAssets scheduled currentTrack='Second Love (Live at YOMIURI LAND EAST, 1989) [2022 Lacquer Master Sound]' validTracks=["Second Love|album=\'Akina Nakamori - Utahime Double Decade -\'|dur=284.25299072265625", "Shoujo A|album=\'Variation\'|dur=213.8820037841797"]
[18:03:32] [NetEase] ⚠️ alias album+artist:中森明菜 HTTP error: Error Domain=NSURLErrorDomain Code=-999 "cancelled" UserInfo={NSErrorFailingURLStringKey=https://music.163.com/api/search/get?s=akina%20east%20live%20index%20xxiii%20(2022%20lacquer%20master%20sound)%20%E4%B8%AD%E6%A3%AE%E6%98%8E%E8%8F%9C&type=1&limit=20, NSErrorFailingURLKey=https://music.163.com/api/search/get?s=akina%20east%20live%20index%20xxiii%20(2022%20lacquer%20master%20sound)%20%E4%B8%AD%E6%A3%AE%E6%98%8E%E8%8F%9C&type=1&limit=20, _NSURLErrorRelatedURLSessionTaskErrorKey=(
    "LocalDataTask <C88963FB-5E6B-4E69-9BBA-07C0C45DEEEA>.<374>"
), _NSURLErrorFailingURLSessionTaskErrorKey=LocalDataTask <C88963FB-5E6B-4E69-9BBA-07C0C45DEEEA>.<374>, NSLocalizedDescription=cancelled}
[18:03:32] [NetEase] ❌ 未找到歌曲 — trying artist-discography fallback
[18:03:32] [NetEase] ❌ 获取歌词失败/低质 — trying parallel fallback probes
[18:03:32] [QueuePreload] fetchRecentHistoryViaScriptingBridge didChange=true currentTrack='Second Love (Live at YOMIURI LAND EAST, 1989) [2022 Lacquer Master Sound]' tracks=["Taifu No Yoru|album=\'Urban Blues Presents Best of Naoko Gushima\'|dur=258.4670104980469", "Omoide Wa Azayaka Ni|album=\'Yoshiko\'|dur=245.6230010986328", "夕陽の一滴|album=\'In Season+3\'|dur=261.1199951171875", "ソー・ロング・マイ・ラヴ|album=\'So Long My Love\'|dur=352.10400390625", "Yes-No|album=\'Off Course Best \"Ever\" EMI Years\'|dur=273.13299560546875", "Singer (2012 Remaster)|album=\'Cruise (2012 Remaster)\'|dur=269.67999267578125", "Lonesome Season|album=\'Jugatsu no Ningyo\'|dur=226.0800018310547", "Fureai|album=\'Encore\'|dur=340.13299560546875", "Natsuno Klaxon|album=\'J.I.\'|dur=230.33299255371094", "恋の予感|album=\'アンコール3\'|dur=284.77301025390625"]
[18:03:32] [QueuePreload] preloadNearbyAssets scheduled currentTrack='Second Love (Live at YOMIURI LAND EAST, 1989) [2022 Lacquer Master Sound]' validTracks=["Taifu No Yoru|album=\'Urban Blues Presents Best of Naoko Gushima\'|dur=258.4670104980469", "Omoide Wa Azayaka Ni|album=\'Yoshiko\'|dur=245.6230010986328", "夕陽の一滴|album=\'In Season+3\'|dur=261.1199951171875", "ソー・ロング・マイ・ラヴ|album=\'So Long My Love\'|dur=352.10400390625", "Yes-No|album=\'Off Course Best \"Ever\" EMI Years\'|dur=273.13299560546875", "Singer (2012 Remaster)|album=\'Cruise (2012 Remaster)\'|dur=269.67999267578125", "Lonesome Season|album=\'Jugatsu no Ningyo\'|dur=226.0800018310547", "Fureai|album=\'Encore\'|dur=340.13299560546875", "Natsuno Klaxon|album=\'J.I.\'|dur=230.33299255371094", "恋の予感|album=\'アンコール3\'|dur=284.77301025390625"]
[18:03:33] [LyricsFetcher.swift:1665] ⏭️ fetchAllSources cancelled before result normalization
[18:03:33] [LyricsResultSelection.swift:134] 🔬 selectBestResult: 1 results, 1 synced (QQ:synced/44)
[18:03:33] [LyricsFetcher.swift:1707] ⏭️ fetchAllSources cancelled before result normalization
[18:03:33] [LyricsResultSelection.swift:879] 🏆 Final selection: QQ (score=44.1, kind=synced)
[18:03:33] [LyricsFetcher.swift:645] ⏱️ fetchAllSources foreground hard deadline reached at 2.879s
[18:03:33] [LyricsService] 📦 Cached: 'second love live at yomiuri land east 1989 2022 lacquer master sound|akina nakamori|akina east live indexxxiii 2022 lacquer master sound|164' (15 lines, unsynced=false)
[18:03:33] [LyricsService] 📋 Applied: 'second love live at yomiuri land east 1989 2022 lacquer master sound|akina nakamori|akina east live indexxxiii 2022 lacquer master sound|164' 15L, firstReal="恋も二度目なら 少しは上手に", unsynced=false
[18:03:33] [LyricsFetcher.swift:1990] 🧭 Authoritative lyrics backfill START: 'Second Love (Live at YOMIURI LAND EAST, 1989) [2022 Lacquer Master Sound]' by 'Akina Nakamori'
[18:03:33] [AMLL] 🔍 请求: 'Second Love (Live at YOMIURI LAND EAST, 1989) [2022 Lacquer Master Sound]' by 'Akina Nakamori' (164s)
[18:03:33] [NetEase] 🔍 搜索: 'Second Love (Live at YOMIURI LAND EAST, 1989) [2022 Lacquer Master Sound]' by 'Akina Nakamori' (164s) album='AKINA EAST LIVE INDEX-XXIII (2022 Lacquer Master Sound)'
[18:03:33] [QQMusic] 🔍 搜索: 'Second Love (Live at YOMIURI LAND EAST, 1989) [2022 Lacquer Master Sound]' by 'Akina Nakamori' (164s) album='AKINA EAST LIVE INDEX-XXIII (2022 Lacquer Master Sound)'
[18:03:33] [MetadataResolver] ⏭️ English-title gate: skipping CN/localized speculative waves for 'Second Love (Live at YOMIURI LAND EAST, 1989) [2022 Lacquer Master Sound]' by 'Akina Nakamori'
[18:03:33] [LRCLIB] 🔍 /get 'Second Love (Live at YOMIURI LAND EAST, 1989) [2022 Lacquer Master Sound]' by 'Akina Nakamori' (164s)
[18:03:33] [LRCLIB] 🔍 /search 'Second Love (Live at YOMIURI LAND EAST, 1989) [2022 Lacquer Master Sound]' by 'Akina Nakamori' (164s)
[18:03:33] [NetEase] 🔑 关键词: ["second love [2022 lacquer master sound] Akina Nakamori", "second love [2022 lacquer master sound] akina east live index xxiii (2022 lacquer master sound)", "second love [2022 lacquer master sound] akina east live index xxiii (2022 lacquer master sound) Akina Nakamori", "akina east live index xxiii (2022 lacquer master sound) Akina Nakamori", "Akina Nakamori"]
[18:03:33] [NetEase] 🔎 title+artist: 'second love [2022 lacquer master sound] Akina Nakamori'
[18:03:33] [QQMusic] 🔑 关键词: ["second love [2022 lacquer master sound] Akina Nakamori", "second love [2022 lacquer master sound] akina east live index xxiii (2022 lacquer master sound)", "second love [2022 lacquer master sound] akina east live index xxiii (2022 lacquer master sound) Akina Nakamori", "akina east live index xxiii (2022 lacquer master sound) Akina Nakamori", "Akina Nakamori", "second love [2022 lacquer master sound]"]
[18:03:33] [QQMusic] 🔎 title+artist: 'second love [2022 lacquer master sound] Akina Nakamori'
[18:03:33] [AMLL] ❌ 未命中: 索引无匹配候选 [68ms]
[18:03:33] [LyricsService.swift:2649] 🔄 Starting translation: 14/15 lines
[18:03:33] [LRCLIB] ❌ /get error for 'Second Love (Live at YOMIURI LAND EAST, 1989) [2022 Lacquer Master Sound]' by 'Akina Nakamori': notFound
[18:03:33] [LRCLIB] ❌ /search no acceptable synced match for 'Second Love (Live at YOMIURI LAND EAST, 1989) [2022 Lacquer Master Sound]' by 'Akina Nakamori' (2 rows)
[18:03:33] [NetEase] 📦 title+artist: 20 个候选
[18:03:33] [QQMusic] 📦 title+artist: 20 个候选
[18:03:33] [NetEase] 🎯 候选: 
[18:03:33] [NetEase] 🔎 title+artist: 'second love [2022 lacquer master sound] Akina Nakamori'
[18:03:33] [NetEase] 🔎 title+album+artist: 'second love [2022 lacquer master sound] akina east live index xxiii (2022 lacquer master sound) Akina Nakamori'
[18:03:33] [NetEase] 🔎 title+album: 'second love [2022 lacquer master sound] akina east live index xxiii (2022 lacquer master sound)'
[18:03:33] [NetEase] 🔎 artist only: 'Akina Nakamori'
[18:03:33] [NetEase] 🔎 album+artist: 'akina east live index xxiii (2022 lacquer master sound) Akina Nakamori'
[18:03:33] [NetEase] 🔎 alias+title:中森明菜: 'second love [2022 lacquer master sound] 中森明菜'
[18:03:33] [QQMusic] 🎯 候选: 'Second Love' by '中森明菜' alb='AKINA EAST LIVE INDEX-XXIII (2022 Lacquer Master Sound)' q='title+artist' T=true A=true AL=true L=11 Δ0.0s, 'Second Love' by '中森明菜' alb='Akina East Live Index-XXIII' q='title+artist' T=true A=true AL=true L=11 Δ0.0s
[18:03:33] [QQMusic] ✅ P1: 'Second Love' by '中森明菜' alb='AKINA EAST LIVE INDEX-XXIII (2022 Lacquer Master Sound)' q='title+artist' AL=true L=11 Δ0.0s
[18:03:33] [QQMusic] ⚡ Preflight exact match via 'title+artist' (albumMatch=true, Δ0.0s)
[18:03:33] [QQMusic] ✅ 找到 songMid=003c0Xyb1Zbut0 albumMatch=true
[18:03:33] [LyricsService.swift:2649] ✅ Translation completed: 14 lines
[18:03:34] [NetEase] 📦 album+artist: 20 个候选
[18:03:34] [NetEase] 📦 title+album: 20 个候选
[18:03:34] [NetEase] 🎯 候选: 'セカンド・ラヴ (Live)' by '中森明菜' alb='AKINA EAST LIVE INDEX-XXIII The 8th Anniversary' q='album+artist' T=false A=true AL=false L=7 Δ0.5s, 'サザン・ウインド (Live)' by '中森明菜' alb='AKINA EAST LIVE INDEX-XXIII The 8th Anniversary' q='album+artist' T=false A=false AL=false L=8 Δ2.5s, '十戒 (1984) [Live]' by '中森明菜' alb='AKINA EAST LIVE INDEX-XXIII The 8th Anniversary' q='album+artist' T=false A=false AL=false L=9 Δ4.5s, 'SAND BEIGE -砂漠へ- (Live)' by '中森明菜' alb='AKINA EAST LIVE INDEX-XXIII The 8th Anniversary' q='album+artist' T=false A=false AL=false L=16 Δ6.8s, 'Sand Beige: Sabakue (Live) [Akina East Live Version]' by '中森明菜' alb='Akina East Live Index-XXIII [2014 Remaster]' q='album+artist' T=false A=false AL=false L=45 Δ6.8s
[18:03:34] [NetEase] ❌ 无匹配
[18:03:34] [NetEase] 🎯 候选: '十戒 (1984) [Live at YOMIURI LAND EAST, 1989] [2022 Lacquer Master Sound]' by '中森明菜' alb='AKINA EAST LIVE INDEX-ⅩⅩIII <2022ラッカーマスターサウンド>' q='title+album' T=false A=false AL=false L=37 Δ4.5s, '禁区 (Live at YOMIURI LAND EAST, 1989) [2022 Lacquer Master Sound]' by '中森明菜' alb='AKINA EAST LIVE INDEX-ⅩⅩIII <2022ラッカーマスターサウンド>' q='title+album' T=false A=false AL=false L=30 Δ19.2s
[18:03:34] [NetEase] ❌ 无匹配
[18:03:34] [NetEase] 📦 title+album+artist: 20 个候选
[18:03:34] [NetEase] 📦 title+artist: 20 个候选
[18:03:34] [NetEase] 🎯 候选: '十戒 (1984) [Live at YOMIURI LAND EAST, 1989] [2022 Lacquer Master Sound]' by '中森明菜' alb='AKINA EAST LIVE INDEX-ⅩⅩIII <2022ラッカーマスターサウンド>' q='title+album+artist' T=false A=false AL=false L=37 Δ4.5s, '禁区 (Live at YOMIURI LAND EAST, 1989) [2022 Lacquer Master Sound]' by '中森明菜' alb='AKINA EAST LIVE INDEX-ⅩⅩIII <2022ラッカーマスターサウンド>' q='title+album+artist' T=false A=false AL=false L=30 Δ19.2s
[18:03:34] [NetEase] ❌ 无匹配
[18:03:34] [NetEase] 🎯 候选: 
[18:03:34] [NetEase] 📦 artist only: 20 个候选
[18:03:34] [NetEase] 🎯 候选: 
[18:03:34] [QueuePreload] preloadNextSongs SKIPPED (native lyrics renderer active on lyrics page) currentTrack='Second Love (Live at YOMIURI LAND EAST, 1989) [2022 Lacquer Master Sound]'
[18:03:34] [NetEase] 📦 alias+title:中森明菜: 20 个候选
[18:03:34] [NetEase] 🎯 候选: 'That's Real Love' by 'vettamin' alb='That's Real Love' q='alias+title:中森明菜' T=false A=false AL=false L=16 Δ14.5s
[18:03:34] [NetEase] ❌ 无匹配
[18:03:34] [NetEase] 🔎 alias artist only:中森明菜: '中森明菜'
[18:03:34] [MetadataResolver] 💿 album scoped resolve: 'Second Love (Live at YOMIURI LAND EAST, 1989) [2022 Lacquer Master Sound]'/'AKINA EAST LIVE INDEX-XXIII (2022 Lacquer Master Sound)' → 'セカンド・ラブ (Live at YOMIURI LAND EAST, 1989) [2022 Lacquer Master Sound]'/'AKINA EAST LIVE INDEX-ⅩⅩIII <2022ラッカーマスターサウンド>' by '中森明菜' (JP, Δ0.57s)
[18:03:34] [LyricsFetcher.swift:2058] 🧭 Authoritative lyrics backfill album-scoped probe: 'セカンド・ラブ (Live at YOMIURI LAND EAST, 1989) [2022 Lacquer Master Sound]' by '中森明菜' album='AKINA EAST LIVE INDEX-ⅩⅩIII <2022ラッカーマスターサウンド>'
[18:03:34] [LRCLIB] 🔍 /search 'セカンド・ラブ (Live at YOMIURI LAND EAST, 1989) [2022 Lacquer Master Sound]' by '中森明菜' (164s)
[18:03:34] [LRCLIB] 🔍 /get 'セカンド・ラブ (Live at YOMIURI LAND EAST, 1989) [2022 Lacquer Master Sound]' by '中森明菜' (164s)
[18:03:34] [AMLL] 🔍 请求: 'セカンド・ラブ (Live at YOMIURI LAND EAST, 1989) [2022 Lacquer Master Sound]' by '中森明菜' (164s)
[18:03:34] [LRCLIB] 🔍 /get 'セカンド・ラブ (Live at YOMIURI LAND EAST, 1989) [2022 Lacquer Master Sound]' by '中森明菜' (164s)
[18:03:34] [LRCLIB] 🔍 /search 'セカンド・ラブ (Live at YOMIURI LAND EAST, 1989) [2022 Lacquer Master Sound]' by '中森明菜' (164s)
[18:03:34] [NetEase] 🔍 搜索: 'セカンド・ラブ (Live at YOMIURI LAND EAST, 1989) [2022 Lacquer Master Sound]' by '中森明菜' (164s) album='AKINA EAST LIVE INDEX-ⅩⅩIII <2022ラッカーマスターサウンド>'
[18:03:34] [QQMusic] 🔍 搜索: 'セカンド・ラブ (Live at YOMIURI LAND EAST, 1989) [2022 Lacquer Master Sound]' by '中森明菜' (164s) album='AKINA EAST LIVE INDEX-ⅩⅩIII <2022ラッカーマスターサウンド>'
[18:03:34] [NetEase] 🔑 关键词: ["セカンド・ラブ [2022 lacquer master sound] 中森明菜", "セカンド・ラブ [2022 lacquer master sound]", "セカンド・ラブ [2022 lacquer master sound] akina east live index ⅹⅹiii <2022ラッカーマスターサウンド>", "セカンド・ラブ [2022 lacquer master sound] akina east live index ⅹⅹiii <2022ラッカーマスターサウンド> 中森明菜", "akina east live index ⅹⅹiii <2022ラッカーマスターサウンド> 中森明菜", "akina east live index ⅹⅹiii <2022ラッカーマスターサウンド> Akina Nakamori"]
[18:03:34] [NetEase] 🔎 title+artist: 'セカンド・ラブ [2022 lacquer master sound] 中森明菜'
[18:03:34] [QQMusic] 🔑 关键词: ["セカンド・ラブ [2022 lacquer master sound] 中森明菜", "セカンド・ラブ [2022 lacquer master sound]", "セカンド・ラブ [2022 lacquer master sound] akina east live index ⅹⅹiii <2022ラッカーマスターサウンド>", "セカンド・ラブ [2022 lacquer master sound] akina east live index ⅹⅹiii <2022ラッカーマスターサウンド> 中森明菜", "akina east live index ⅹⅹiii <2022ラッカーマスターサウンド> 中森明菜", "akina east live index ⅹⅹiii <2022ラッカーマスターサウンド> Akina Nakamori", "セカンド・ラブ [2022 lacquer master sound]"]
[18:03:34] [QQMusic] 🔎 title+artist: 'セカンド・ラブ [2022 lacquer master sound] 中森明菜'
[18:03:34] [NetEase] 📦 alias artist only:中森明菜: 20 个候选
[18:03:34] [NetEase] 🎯 候选: 
[18:03:34] [NetEase] 🔎 alias album+artist:中森明菜: 'akina east live index xxiii (2022 lacquer master sound) 中森明菜'
[18:03:34] [QQMusic] 📦 title+artist: 0 个候选
[18:03:34] [QQMusic] 🎯 候选: 
[18:03:34] [QQMusic] 🔎 title+artist: 'セカンド・ラブ [2022 lacquer master sound] 中森明菜'
[18:03:34] [QQMusic] 🔎 title+album+artist: 'セカンド・ラブ [2022 lacquer master sound] akina east live index ⅹⅹiii <2022ラッカーマスターサウンド> 中森明菜'
[18:03:34] [QQMusic] 🔎 title only: 'セカンド・ラブ [2022 lacquer master sound]'
[18:03:34] [QQMusic] 🔎 title+album: 'セカンド・ラブ [2022 lacquer master sound] akina east live index ⅹⅹiii <2022ラッカーマスターサウンド>'
[18:03:34] [QQMusic] 🔎 album+artist: 'akina east live index ⅹⅹiii <2022ラッカーマスターサウンド> 中森明菜'
[18:03:34] [QQMusic] 🔎 title only: 'セカンド・ラブ [2022 lacquer master sound]'
[18:03:34] [QQMusic] 🔎 album+artist: 'akina east live index ⅹⅹiii <2022ラッカーマスターサウンド> Akina Nakamori'
[18:03:34] [AMLL] ❌ 未命中: 索引无匹配候选 [225ms]
[18:03:34] [LRCLIB] ❌ /get error for 'セカンド・ラブ (Live at YOMIURI LAND EAST, 1989) [2022 Lacquer Master Sound]' by '中森明菜': notFound
[18:03:34] [LRCLIB] ❌ /get error for 'セカンド・ラブ (Live at YOMIURI LAND EAST, 1989) [2022 Lacquer Master Sound]' by '中森明菜': notFound
[18:03:34] [Artwork] 🎨 [iTunes API] 全部策略失败: 'Taifu No Yoru' by 'Naoko Gushima'
[18:03:34] [NetEase] 📦 title+artist: 3 个候选
[18:03:34] [NetEase] 🎯 候选: 'セカンド・ラブ (Live at YOMIURI LAND EAST, 1989) [2022 Lacquer Master Sound]' by '中森明菜' alb='AKINA EAST LIVE INDEX-ⅩⅩIII <2022ラッカーマスターサウンド>' q='title+artist' T=true A=true AL=true L=35 Δ0.6s
[18:03:34] [NetEase] ✅ P1: 'セカンド・ラブ (Live at YOMIURI LAND EAST, 1989) [2022 Lacquer Master Sound]' by '中森明菜' alb='AKINA EAST LIVE INDEX-ⅩⅩIII <2022ラッカーマスターサウンド>' q='title+artist' AL=true L=35 Δ0.6s
[18:03:34] [NetEase] ⚡ Preflight exact match via 'title+artist' (albumMatch=true, Δ0.6s)
[18:03:34] [NetEase] ✅ 找到 songId=1927919486 albumMatch=true
[18:03:34] [QQMusic] 📦 title only: 0 个候选
[18:03:34] [QQMusic] 🎯 候选: 
[18:03:34] [QQMusic] 📦 title only: 0 个候选
[18:03:34] [QQMusic] 🎯 候选: 
[18:03:34] [QQMusic] 📦 title+album: 0 个候选
[18:03:34] [QQMusic] 🎯 候选: 
[18:03:34] [QQMusic] 📦 album+artist: 0 个候选
[18:03:34] [QQMusic] 📦 title+album+artist: 0 个候选
[18:03:34] [QQMusic] 🎯 候选: 
[18:03:34] [QQMusic] 🎯 候选: 
[18:03:34] [NetEase] 📦 alias album+artist:中森明菜: 20 个候选
[18:03:34] [NetEase] 🎯 候选: 'サザン・ウインド (Live)' by '中森明菜' alb='AKINA EAST LIVE INDEX-XXIII The 8th Anniversary' q='alias album+artist:中森明菜' T=false A=true AL=false L=8 Δ2.5s, '十戒 (1984) [Live]' by '中森明菜' alb='AKINA EAST LIVE INDEX-XXIII The 8th Anniversary' q='alias album+artist:中森明菜' T=false A=true AL=false L=9 Δ4.5s, 'SAND BEIGE -砂漠へ- (Live)' by '中森明菜' alb='AKINA EAST LIVE INDEX-XXIII The 8th Anniversary' q='alias album+artist:中森明菜' T=false A=true AL=false L=16 Δ6.8s, 'トワイライト -夕暮れ便り- (Live)' by '中森明菜' alb='AKINA EAST LIVE INDEX-XXIII The 8th Anniversary' q='alias album+artist:中森明菜' T=false A=true AL=false L=14 Δ10.0s, '禁 区 (Live)' by '中森明菜' alb='AKINA EAST LIVE INDEX-XXIII The 8th Anniversary' q='alias album+artist:中森明菜' T=false A=true AL=false L=3 Δ18.8s
[18:03:34] [NetEase] ❌ 无匹配
[18:03:34] [NetEase] ❌ 未找到歌曲 — trying artist-discography fallback
[18:03:34] [NetEase] ❌ 获取歌词失败/低质 — trying parallel fallback probes
[18:03:35] [QQMusic] 📦 album+artist: 0 个候选
[18:03:35] [QQMusic] 📦 title+artist: 0 个候选
[18:03:35] [QQMusic] 🎯 候选: 
[18:03:35] [QQMusic] 🎯 候选: 
[18:03:35] [QQMusic] ❌ 未找到歌曲
[18:03:35] [NetEase] ❌ 获取歌词失败/低质 — trying parallel fallback probes
[18:03:35] [LRCLIB] ❌ /search empty for 'セカンド・ラブ (Live at YOMIURI LAND EAST, 1989) [2022 Lacquer Master Sound]' by '中森明菜'
[18:03:35] [LRCLIB] ❌ /search empty for 'セカンド・ラブ (Live at YOMIURI LAND EAST, 1989) [2022 Lacquer Master Sound]' by '中森明菜'
[18:03:35] [NetEase] 🔁 title-only alias fallback: 'セカンド・ラブ (Live at YOMIURI LAND EAST, 1989) [2022 Lacquer Master Sound]' by '中森明菜' Δ0.6s
[18:03:35] [NetEase] 🔁 artist-disco fallback: 0 candidates within ±15s (by title match)
[18:03:35] [QueuePreload] checkQueueHashAndRefresh reason=timer:30s
[18:03:35] [NetEase] 🔁 artist-disco fallback: 0 candidates within ±15s (by title match)
[18:03:35] [QueuePreload] checkQueueHash CHANGED reason=timer:30s 'Midnight Highway ‘86:97:B598587602F8D625' -> 'Midnight Highway ‘86:97:D132F762E799DA9A' -> fetchUpNextQueue()
[18:03:35] [PlayerState] 📊 track='Second Love (Live at YOMIURI LAND EAST, 1989) [2022 Lacquer Master Sound]' pid='D132F762E799DA9A' dur=164.572998046875 changed=false curPID='D132F762E799DA9A'
[18:03:35] [Playback] 🔍 [getUpNextTracksFromApp] outcome=success(playlistName: Optional("Midnight Highway ‘86")) playlistName=Midnight Highway ‘86 kind=Apple Music AAC audio file trackCount=97
[18:03:35] [Artwork] 🎨 [iTunes API] 命中: album='Yoshiko' (目标='Yoshiko') via 'Omoide Wa Azayaka Ni 田中好子'
[18:03:35] [QueuePreload] fetchUpNextViaBridge outcome=success(playlistName: Optional("Midnight Highway ‘86")) didChange=false currentTrack='Second Love (Live at YOMIURI LAND EAST, 1989) [2022 Lacquer Master Sound]' tracks=["Second Love|album=\'Akina Nakamori - Utahime Double Decade -\'|dur=284.25299072265625", "Shoujo A|album=\'Variation\'|dur=213.8820037841797"]
[18:03:36] [NetEase] 🔁 orphan exact-title fallback: 'セカンド・ラブ (Live at YOMIURI LAND EAST, 1989) [2022 Lacquer Master Sound]' by '中森明菜' Δ0.6s
[18:03:36] [Artwork] 🎨 [iTunes API] 全部策略失败: '夕陽の一滴' by '藤谷美紀'
[18:03:36] [LyricsResultSelection.swift:134] 🔬 selectBestResult: 1 results, 0 synced (NetEase:unavailable/-80)
[18:03:36] [LyricsResultSelection.swift:193] 🏆 No trustworthy synced results available: ["NetEase:-80/unavailable"]
[18:03:36] [LyricsResultSelection.swift:134] 🔬 selectBestResult: 0 results, 0 synced ()
[18:03:36] [LyricsResultSelection.swift:193] 🏆 No trustworthy synced results available: []
[18:03:36] [LyricsResultSelection.swift:134] 🔬 selectBestResult: 1 results, 1 synced (QQ:synced/44)
[18:03:36] [LyricsResultSelection.swift:879] 🏆 Final selection: QQ (score=44.1, kind=synced)
[18:03:36] [LyricsFetcher.swift:2257] 🧭 Authoritative lyrics backfill HIT: QQ 14L in 3.4s
[18:03:36] [LyricsService] 📦 Cached: 'second love live at yomiuri land east 1989 2022 lacquer master sound|akina nakamori|akina east live indexxxiii 2022 lacquer master sound|164' (15 lines, unsynced=false)
[18:03:36] [LyricsService] 🧊 Display frozen for 'second love live at yomiuri land east 1989 2022 lacquer master sound|akina nakamori|akina east live indexxxiii 2022 lacquer master sound|164' — cached the result but not replacing shown lyrics (P1, not an upgrade)
[18:03:36] [Artwork] 🎨 [NetEase] 命中: '夕陽の一滴' al='In Season+3'
[18:03:37] [Poll] 🔄 Track check via AppleScript — reason: identity heartbeat (5s)
[18:03:37] [Artwork] 🎨 [iTunes API] 全部策略失败: 'ソー・ロング・マイ・ラヴ' by '小田和正'
[18:03:37] [Artwork] 🎨 [NetEase] 命中: 'ソー・ロング・マイ・ラヴ' al='So Long My Love'
[18:03:43] [Poll] 🔄 Track check via AppleScript — reason: identity heartbeat (5s)
[18:03:44] [ActiveBrightness] idx=2 rowOp=1.000 bright=0.000 dimTier=0.35 eff=0.000 deferred=- occluded=0 loop=1 sinceUnoccluded=-
[18:03:44] [LineGaps] idx=2 anchor=42.0 rows=[0:y=-134.8 h=43.7 s=0.95 g=10.2 b=1.5][1:y=-81.0 h=114.0 s=0.95 g=9.0 b=0.5][2:y=42.0 h=99.0 s=1.00 g=8.5 b=0.0][3:y=149.4 h=94.0 s=0.95 g=10.9 b=0.5][4:y=254.4 h=94.0 s=0.95 g=10.9 b=1.5][5:y=359.3 h=94.0 s=0.95 g=- b=2.0]
[18:03:46] [Artwork] 🎵 Track changed: Private Beach - Meiko Nakahara
[18:03:46] [Artwork] 🎨 fetchArtwork: Private Beach - Meiko Nakahara gen=8
[18:03:46] [Artwork] 🎨 Cache MISS, starting concurrent fetch (SB + API in parallel)...
[18:03:46] [Artwork] 🎨 Cache MISS, retaining previous artwork until replacement is ready
[18:03:46] [Artwork] 🎨 [SB] Starting ScriptingBridge fetch...
[18:03:46] [Poll] 🔄 Track check via AppleScript — reason: radio backstop (1s)
[18:03:46] [LyricsService] 🚀 fetchLyrics START: 'Private Beach' by 'Meiko Nakahara' dur=335.0 album='303 East 60th Street' (forceRefresh=false, curSongID='second love live at yomiuri land east 1989 2022 lacquer master sound|akina nakamori|akina east live indexxxiii 2022 lacquer master sound|164', curDur=164.0, curAlbum='AKINA EAST LIVE INDEX-XXIII (2022 Lacquer Master Sound)')
[18:03:46] [LyricsService] 🔄 Starting async lyrics fetch...
[18:03:46] [LyricsFetch] fetchAllSources caller=foreground songID='private beach|meiko nakahara|303 east 60th street|335' album='303 East 60th Street' dur=335.0
[18:03:46] [LyricsFetcher.swift:668] 🚀 fetchAllSources START: 'Private Beach' by 'Meiko Nakahara' (335s) album='303 East 60th Street'
[18:03:46] [AMLL] 🔍 请求: 'Private Beach' by 'Meiko Nakahara' (335s)
[18:03:46] [LRCLIB] 🔍 /search 'Private Beach' by 'Meiko Nakahara' (335s)
[18:03:46] [LRCLIB] 🔍 /get 'Private Beach' by 'Meiko Nakahara' (335s)
[18:03:46] [NetEase] 🔍 搜索: 'Private Beach' by 'Meiko Nakahara' (335s) album='303 East 60th Street'
[18:03:46] [QQMusic] 🔍 搜索: 'Private Beach' by 'Meiko Nakahara' (335s) album='303 East 60th Street'
[18:03:46] [NetEase] 🔑 关键词: ["private beach Meiko Nakahara", "private beach 303 east 60th street", "private beach 303 east 60th street Meiko Nakahara", "303 east 60th street Meiko Nakahara", "Meiko Nakahara"]
[18:03:46] [QQMusic] 🔑 关键词: ["private beach Meiko Nakahara", "private beach 303 east 60th street", "private beach 303 east 60th street Meiko Nakahara", "303 east 60th street Meiko Nakahara", "Meiko Nakahara", "private beach"]
[18:03:46] [NetEase] 🔎 title+artist: 'private beach Meiko Nakahara'
[18:03:46] [QQMusic] 🔎 title+artist: 'private beach Meiko Nakahara'
[18:03:46] [Artwork] 🎨 [SB] SUCCESS! Got image (600.0, 600.0)
[18:03:46] [AMLL] ❌ 未命中: 索引无匹配候选 [176ms]
[18:03:46] [QQMusic] 📦 title+artist: 0 个候选
[18:03:46] [QQMusic] 🎯 候选: 
[18:03:46] [QQMusic] 🔎 title+artist: 'private beach Meiko Nakahara'
[18:03:46] [QQMusic] 🔎 title+album: 'private beach 303 east 60th street'
[18:03:46] [QQMusic] 🔎 title+album+artist: 'private beach 303 east 60th street Meiko Nakahara'
[18:03:46] [QQMusic] 🔎 title only: 'private beach'
[18:03:46] [QQMusic] 🔎 album+artist: '303 east 60th street Meiko Nakahara'
[18:03:46] [QQMusic] 🔎 artist only: 'Meiko Nakahara'
[18:03:46] [LyricsFetcher.swift:1335] ✅ LRCLIB: score=70.2, lines=44, albumMatch=false
[18:03:46] [LyricsService] ⏭️ Skipping duplicate fetch: 'private beach|meiko nakahara|303 east 60th street|335' (currentSongID='private beach|meiko nakahara|303 east 60th street|335')
[18:03:46] [LyricsFetcher.swift:1335] ✅ LRCLIB-Search: score=69.2, lines=44, albumMatch=false
[18:03:46] [QQMusic] 📦 title+album+artist: 0 个候选
[18:03:46] [QQMusic] 🎯 候选: 
[18:03:46] [QQMusic] 📦 title only: 0 个候选
[18:03:46] [QQMusic] 📦 title+album: 0 个候选
[18:03:46] [QQMusic] 🎯 候选: 
[18:03:46] [QQMusic] 🎯 候选: 
[18:03:46] [QQMusic] 📦 title+artist: 0 个候选
[18:03:46] [QQMusic] 🎯 候选: 
[18:03:46] [QQMusic] 📦 album+artist: 0 个候选
[18:03:46] [QQMusic] 🎯 候选: 
[18:03:46] [NetEase] 📦 title+artist: 20 个候选
[18:03:46] [QQMusic] 📦 artist only: 0 个候选
[18:03:46] [QQMusic] 🎯 候选: 
[18:03:46] [QQMusic] ❌ 未找到歌曲
[18:03:46] [NetEase] 🎯 候选: 'Private Beach' by '金樱子Ellie' alb='怀旧日语' q='title+artist' T=true A=true AL=false L=13 Δ0.5s, 'Private Beach' by '中原めいこ' alb='303 EAST 60TH STREET' q='title+artist' T=true A=true AL=true L=13 Δ0.8s, 'Private Beach' by 'SOFFet' alb='SOFFet BEST ALBUM ~ALL SINGLES COLLECTION~' q='title+artist' T=true A=false AL=false L=13 Δ6.0s, 'PRIVATE BEACH' by 'Chara' alb='シャーロットの贈り物' q='title+artist' T=true A=false AL=false L=13 Δ11.5s, 'PRIVATE BEACH' by 'Chara' alb='Naked & Sweet' q='title+artist' T=true A=false AL=false L=13 Δ12.3s
[18:03:46] [NetEase] ✅ P1: 'Private Beach' by '中原めいこ' alb='303 EAST 60TH STREET' q='title+artist' AL=true L=13 Δ0.8s
[18:03:46] [NetEase] ⚡ Preflight exact match via 'title+artist' (albumMatch=true, Δ0.8s)
[18:03:46] [NetEase] ✅ 找到 songId=629990 albumMatch=true
[18:03:46] [LyricsFetcher.swift:1335] ✅ lyrics.ovh: score=28.0, lines=44, albumMatch=false
[18:03:46] [Artwork] 🎨 [iTunes API] 全部策略失败: 'Private Beach' by 'Meiko Nakahara'
[18:03:47] [NetEase] 🎯 YRC word-level: 43 lines, 43 synced
[18:03:47] [LyricsFetcher.swift:1335] ✅ NetEase: score=79.9, lines=43, albumMatch=true
[18:03:47] [LyricsFetcher.swift:1391] ⚡ Early return: NetEase score=79.9 >= 70 albumMatch=true
[18:03:47] [LyricsFetcher.swift:1670] 🏁 fetchAllSources: 4 results in 0.8s (branch3=false)
[18:03:47] [LyricsResultSelection.swift:134] 🔬 selectBestResult: 4 results, 3 synced (LRCLIB:synced/70,LRCLIB-Search:synced/69,lyrics.ovh:unsynced/28,NetEase:synced/79)
[18:03:47] [LyricsResultSelection.swift:219] 🎯 Word-level pre-filter: keeping ["NetEase"], dropping ["LRCLIB", "LRCLIB-Search"]
[18:03:47] [LyricsResultSelection.swift:879] 🏆 Final selection: NetEase (score=79.9, kind=synced)
[18:03:47] [LyricsFetcher.swift:1707] ⏭️ fetchAllSources cancelled before result normalization
[18:03:47] [LyricsFetcher.swift:618] ⚡ apply-on-select: verdict at 0.813s, delivered at 0.813s
[18:03:47] [LyricsResultSelection.swift:134] 🔬 selectBestResult: 4 results, 3 synced (NetEase:synced/79,LRCLIB:synced/70,LRCLIB-Search:synced/69,lyrics.ovh:unsynced/28)
[18:03:47] [LyricsResultSelection.swift:219] 🎯 Word-level pre-filter: keeping ["NetEase"], dropping ["LRCLIB", "LRCLIB-Search"]
[18:03:47] [LyricsResultSelection.swift:879] 🏆 Final selection: NetEase (score=79.9, kind=synced)
[18:03:47] [LyricsResultSelection.swift:907] ⏱️ Timestamp rescale: 335.0s → 330.0s (×0.984)
[18:03:47] [LyricsService] 📦 Cached: 'private beach|meiko nakahara|303 east 60th street|335' (44 lines, unsynced=false)
[18:03:47] [LyricsService] 📋 Applied: 'private beach|meiko nakahara|303 east 60th street|335' 44L, firstReal="private beach", unsynced=false
[18:03:47] [Artwork] 🎨 [NetEase] 命中: 'Private Beach' al='303 EAST 60TH STREET'
[18:03:47] [Artwork] 🎨 [PlaybackSession] no matching artwork URL for 'Private Beach' by 'Meiko Nakahara'
[18:03:47] [Timing] 📐 DRIFT CORRECTION: drift=-0.53s polled=0.73 interpolated=1.26
[18:03:47] [Artwork] 🎨 [API] SUCCESS! Got web image (72.0, 72.0)
[18:03:47] [Artwork] 🎨 [web] Apple artwork already applied for gen 8, discarding later result
[18:03:48] [Playback] ⚠️ Apple Music recent tracks failed: Failed to request developer token
[18:03:48] [Playback] 🔍 [getUpNextTracksFromApp] outcome=success(playlistName: Optional("Midnight Highway ‘86")) playlistName=Midnight Highway ‘86 kind=Apple Music AAC audio file trackCount=97
[18:03:48] [QueuePreload] fetchUpNextViaBridge outcome=success(playlistName: Optional("Midnight Highway ‘86")) didChange=true currentTrack='Private Beach' tracks=["Street Dancer|album=\'Wish\'|dur=307.010009765625", "Adolescence|album=\'Sotsugyoukinen, Vol. 2\'|dur=275.6400146484375"]
[18:03:48] [QueuePreload] preloadNearbyAssets scheduled currentTrack='Private Beach' validTracks=["Street Dancer|album=\'Wish\'|dur=307.010009765625", "Adolescence|album=\'Sotsugyoukinen, Vol. 2\'|dur=275.6400146484375"]
[18:03:48] [QueuePreload] fetchRecentHistoryViaScriptingBridge didChange=true currentTrack='Private Beach' tracks=["Mayonaka No Shujinkou|album=\'DROPS\'|dur=243.3470001220703", "We\'re All Free / Kage Ni Natte|album=\'The Gallery In My Heart / Kanashii Hodo Otenki\'|dur=332.1759948730469", "Escape|album=\'Joepo 1981Khz\'|dur=254.97300720214844", "Stardust Night|album=\'Free Drink\'|dur=234.7469940185547", "Invisible|album=\'Ampersands\'|dur=325.5679931640625", "Yume No Tsuzuki (2017 Remaster)|album=\'REQUEST (30th Anniversary Edition) [2017 Remaster]\'|dur=321.86700439453125", "Try to Say (2021 Remaster)|album=\'Sexy Robot (2021 Remaster)\'|dur=228.61300659179688", "Shang-Hide Night|album=\'Yoshino Fujimal\'|dur=323.86700439453125", "Juggler|album=\'Shiroi Natsu / Juggler - Single\'|dur=251.33299255371094", "Fantasy|album=\'Twin Best Nakahara Meiko\'|dur=264.6669921875"]
[18:03:48] [QueuePreload] preloadNearbyAssets scheduled currentTrack='Private Beach' validTracks=["Mayonaka No Shujinkou|album=\'DROPS\'|dur=243.3470001220703", "We\'re All Free / Kage Ni Natte|album=\'The Gallery In My Heart / Kanashii Hodo Otenki\'|dur=332.1759948730469", "Escape|album=\'Joepo 1981Khz\'|dur=254.97300720214844", "Stardust Night|album=\'Free Drink\'|dur=234.7469940185547", "Invisible|album=\'Ampersands\'|dur=325.5679931640625", "Yume No Tsuzuki (2017 Remaster)|album=\'REQUEST (30th Anniversary Edition) [2017 Remaster]\'|dur=321.86700439453125", "Try to Say (2021 Remaster)|album=\'Sexy Robot (2021 Remaster)\'|dur=228.61300659179688", "Shang-Hide Night|album=\'Yoshino Fujimal\'|dur=323.86700439453125", "Juggler|album=\'Shiroi Natsu / Juggler - Single\'|dur=251.33299255371094", "Fantasy|album=\'Twin Best Nakahara Meiko\'|dur=264.6669921875"]
[18:03:50] [QueuePreload] preloadNextSongs SKIPPED (native lyrics renderer active on lyrics page) currentTrack='Private Beach'
[18:03:50] [Artwork] 🎨 [iTunes API] 命中: album='DROPS' (目标='DROPS') via '須藤 薫 Mayonaka No Shujinkou'
[18:03:51] [Artwork] 🎨 [iTunes API] 全部策略失败: 'We're All Free / Kage Ni Natte' by 'Yumi Matsutoya'
[18:03:51] [Poll] 🔄 Track check via AppleScript — reason: identity heartbeat (5s)
[18:03:51] [Artwork] 🎨 [iTunes API] 命中: album='Joepo 1981Khz' (目标='Joepo 1981Khz') via 'Escape EPO'
[18:03:52] [Artwork] 🎨 [NetEase] 命中: 'escape' al='Sound Archives Vol.1'
[18:03:54] [ActiveBrightness] idx=2 rowOp=1.000 bright=1.000 dimTier=0.35 eff=1.000 deferred=- occluded=0 loop=1 sinceUnoccluded=-
[18:03:54] [LineGaps] idx=2 anchor=42.0 rows=[0:y=-85.8 h=43.7 s=0.95 g=8.9 b=1.5][1:y=-33.2 h=67.5 s=0.95 g=7.8 b=0.5][2:y=42.0 h=71.0 s=1.00 g=7.8 b=0.0][3:y=120.8 h=67.5 s=0.95 g=9.5 b=0.5][4:y=197.7 h=67.5 s=0.95 g=10.2 b=1.5][5:y=275.4 h=94.0 s=0.95 g=- b=2.0]
[18:03:57] [Poll] 🔄 Track check via AppleScript — reason: identity heartbeat (5s)
[18:03:59] [ActiveBrightness] idx=3 rowOp=0.999 bright=1.000 dimTier=0.35 eff=0.999 deferred=- occluded=0 loop=1 sinceUnoccluded=-
[18:04:00] [LineGaps] idx=3 anchor=42.0 rows=[1:y=-110.2 h=67.5 s=0.95 g=9.5 b=1.5][2:y=-33.2 h=67.5 s=0.95 g=7.8 b=0.5][3:y=42.0 h=71.0 s=1.00 g=7.7 b=0.0][4:y=120.7 h=67.5 s=0.95 g=10.2 b=0.5][5:y=198.4 h=94.0 s=0.95 g=10.1 b=1.5][6:y=302.6 h=67.5 s=0.95 g=- b=2.0]
[18:04:03] [Poll] 🔄 Track check via AppleScript — reason: identity heartbeat (5s)
[18:04:05] [QueuePreload] checkQueueHashAndRefresh reason=timer:30s
[18:04:05] [QueuePreload] checkQueueHash CHANGED reason=timer:30s 'Midnight Highway ‘86:97:D132F762E799DA9A' -> 'Midnight Highway ‘86:97:4502141B71B52120' -> fetchUpNextQueue()
[18:04:05] [Playback] ⚠️ Apple Music recent tracks failed: Failed to request developer token
[18:04:05] [PlayerState] 📊 track='Private Beach' pid='4502141B71B52120' dur=335.79998779296875 changed=false curPID='4502141B71B52120'
[18:04:05] [Playback] 🔍 [getUpNextTracksFromApp] outcome=success(playlistName: Optional("Midnight Highway ‘86")) playlistName=Midnight Highway ‘86 kind=Apple Music AAC audio file trackCount=97
[18:04:05] [QueuePreload] fetchUpNextViaBridge outcome=success(playlistName: Optional("Midnight Highway ‘86")) didChange=false currentTrack='Private Beach' tracks=["Street Dancer|album=\'Wish\'|dur=307.010009765625", "Adolescence|album=\'Sotsugyoukinen, Vol. 2\'|dur=275.6400146484375"]
[18:04:05] [ActiveBrightness] idx=4 rowOp=0.999 bright=1.000 dimTier=0.35 eff=0.999 deferred=- occluded=0 loop=1 sinceUnoccluded=-
[18:04:06] [QueuePreload] fetchRecentHistoryViaScriptingBridge didChange=false currentTrack='Private Beach' tracks=["Mayonaka No Shujinkou|album=\'DROPS\'|dur=243.3470001220703", "We\'re All Free / Kage Ni Natte|album=\'The Gallery In My Heart / Kanashii Hodo Otenki\'|dur=332.1759948730469", "Escape|album=\'Joepo 1981Khz\'|dur=254.97300720214844", "Stardust Night|album=\'Free Drink\'|dur=234.7469940185547", "Invisible|album=\'Ampersands\'|dur=325.5679931640625", "Yume No Tsuzuki (2017 Remaster)|album=\'REQUEST (30th Anniversary Edition) [2017 Remaster]\'|dur=321.86700439453125", "Try to Say (2021 Remaster)|album=\'Sexy Robot (2021 Remaster)\'|dur=228.61300659179688", "Shang-Hide Night|album=\'Yoshino Fujimal\'|dur=323.86700439453125", "Juggler|album=\'Shiroi Natsu / Juggler - Single\'|dur=251.33299255371094", "Fantasy|album=\'Twin Best Nakahara Meiko\'|dur=264.6669921875"]
[18:04:06] [LineGaps] idx=4 anchor=42.0 rows=[2:y=-110.2 h=67.5 s=0.95 g=9.5 b=1.5][3:y=-33.2 h=67.5 s=0.95 g=7.8 b=0.5][4:y=42.0 h=71.0 s=1.00 g=8.4 b=0.0][5:y=121.4 h=94.0 s=0.95 g=10.2 b=0.5][6:y=225.7 h=67.5 s=0.95 g=9.5 b=1.5][7:y=302.6 h=67.5 s=0.95 g=- b=2.0]
[18:04:09] [Poll] 🔄 Track check via AppleScript — reason: identity heartbeat (5s)
[18:04:12] [ActiveBrightness] idx=5 rowOp=0.999 bright=1.000 dimTier=0.35 eff=0.999 deferred=- occluded=0 loop=1 sinceUnoccluded=-
[18:04:12] [LineGaps] idx=5 anchor=42.0 rows=[3:y=-110.2 h=67.5 s=0.95 g=9.5 b=1.5][4:y=-33.2 h=67.5 s=0.95 g=7.8 b=0.5][5:y=42.0 h=99.0 s=1.00 g=7.7 b=0.0][6:y=148.7 h=67.5 s=0.95 g=9.5 b=0.5][7:y=225.7 h=67.5 s=0.95 g=10.2 b=1.5][8:y=303.3 h=94.0 s=0.95 g=- b=2.0]
[18:04:15] [Poll] 🔄 Track check via AppleScript — reason: identity heartbeat (5s)
[18:04:18] [ActiveBrightness] idx=6 rowOp=0.999 bright=1.000 dimTier=0.35 eff=0.999 deferred=- occluded=0 loop=1 sinceUnoccluded=-
[18:04:18] [LineGaps] idx=6 anchor=42.0 rows=[4:y=-138.2 h=67.5 s=0.95 g=10.2 b=1.5][5:y=-60.5 h=94.0 s=0.95 g=8.5 b=0.5][6:y=42.0 h=71.0 s=1.00 g=7.7 b=0.0][7:y=120.7 h=67.5 s=0.95 g=10.2 b=0.5][8:y=198.3 h=94.0 s=0.95 g=10.8 b=1.5][9:y=303.2 h=94.0 s=0.95 g=- b=2.0]
[18:04:21] [Poll] 🔄 Track check via AppleScript — reason: identity heartbeat (5s)
[18:04:25] [ActiveBrightness] idx=7 rowOp=1.000 bright=1.000 dimTier=0.35 eff=1.000 deferred=- occluded=0 loop=1 sinceUnoccluded=-
[18:04:25] [LineGaps] idx=7 anchor=42.0 rows=[5:y=-137.5 h=94.0 s=0.95 g=10.3 b=1.5][6:y=-33.2 h=67.5 s=0.95 g=7.8 b=0.5][7:y=42.0 h=71.0 s=1.00 g=8.5 b=0.0][8:y=121.5 h=94.0 s=0.95 g=10.9 b=0.5][9:y=226.4 h=94.0 s=0.95 g=10.9 b=1.5][10:y=331.4 h=94.0 s=0.95 g=- b=2.0]
[18:04:26] [ActiveBrightness] idx=8 rowOp=0.999 bright=1.000 dimTier=0.35 eff=0.999 deferred=- occluded=0 loop=1 sinceUnoccluded=-
[18:04:27] [LineGaps] idx=8 anchor=42.0 rows=[6:y=-110.2 h=67.5 s=0.95 g=9.5 b=1.5][7:y=-33.2 h=67.5 s=0.95 g=7.8 b=0.5][8:y=42.0 h=99.0 s=1.00 g=8.4 b=0.0][9:y=149.4 h=94.0 s=0.95 g=10.9 b=0.5][10:y=254.4 h=94.0 s=0.95 g=10.9 b=1.5][11:y=359.3 h=94.0 s=0.95 g=- b=2.0]
[18:04:27] [Poll] 🔄 Track check via AppleScript — reason: identity heartbeat (5s)
[18:04:32] [ActiveBrightness] idx=9 rowOp=0.999 bright=1.000 dimTier=0.35 eff=0.999 deferred=- occluded=0 loop=1 sinceUnoccluded=-
[18:04:32] [LineGaps] idx=9 anchor=42.0 rows=[7:y=-138.2 h=67.5 s=0.95 g=10.2 b=1.5][8:y=-60.5 h=94.0 s=0.95 g=8.5 b=0.5][9:y=42.0 h=99.0 s=1.00 g=8.4 b=0.0][10:y=149.4 h=94.0 s=0.95 g=10.9 b=0.5][11:y=254.3 h=94.0 s=0.95 g=10.8 b=1.5][12:y=359.2 h=94.0 s=0.95 g=- b=2.0]
[18:04:33] [Poll] 🔄 Track check via AppleScript — reason: identity heartbeat (5s)
[18:04:35] [QueuePreload] checkQueueHashAndRefresh reason=timer:30s
[18:04:35] [PlayerState] 📊 track='Private Beach' pid='4502141B71B52120' dur=335.79998779296875 changed=false curPID='4502141B71B52120'
[18:04:38] [ActiveBrightness] idx=10 rowOp=0.999 bright=1.000 dimTier=0.35 eff=0.999 deferred=- occluded=0 loop=1 sinceUnoccluded=-
[18:04:39] [LineGaps] idx=10 anchor=42.0 rows=[8:y=-165.5 h=94.0 s=0.95 g=10.9 b=1.5][9:y=-60.5 h=94.0 s=0.95 g=8.5 b=0.5][10:y=42.0 h=99.0 s=1.00 g=8.4 b=0.0][11:y=149.4 h=94.0 s=0.95 g=10.9 b=0.5][12:y=254.3 h=94.0 s=0.95 g=10.8 b=1.5][13:y=359.2 h=94.0 s=0.95 g=- b=2.0]
[18:04:39] [Poll] 🔄 Track check via AppleScript — reason: identity heartbeat (5s)
[18:04:43] [ActiveBrightness] idx=11 rowOp=0.999 bright=1.000 dimTier=0.35 eff=0.999 deferred=- occluded=0 loop=1 sinceUnoccluded=-
[18:04:43] [LineGaps] idx=11 anchor=42.0 rows=[9:y=-165.5 h=94.0 s=0.95 g=10.9 b=1.5][10:y=-60.5 h=94.0 s=0.95 g=8.5 b=0.5][11:y=42.0 h=99.0 s=1.00 g=8.4 b=0.0][12:y=149.4 h=94.0 s=0.95 g=10.9 b=0.5][13:y=254.3 h=94.0 s=0.95 g=10.8 b=1.5][14:y=359.2 h=94.0 s=0.95 g=- b=2.0]
[18:04:45] [Poll] 🔄 Track check via AppleScript — reason: identity heartbeat (5s)
[18:04:48] [ActiveBrightness] idx=12 rowOp=0.999 bright=1.000 dimTier=0.35 eff=0.999 deferred=- occluded=0 loop=1 sinceUnoccluded=-
[18:04:49] [LineGaps] idx=12 anchor=42.0 rows=[10:y=-165.5 h=94.0 s=0.95 g=10.9 b=1.5][11:y=-60.5 h=94.0 s=0.95 g=8.5 b=0.5][12:y=42.0 h=99.0 s=1.00 g=8.4 b=0.0][13:y=149.4 h=94.0 s=0.95 g=10.9 b=0.5][14:y=254.3 h=94.0 s=0.95 g=10.8 b=1.5][15:y=359.2 h=94.0 s=0.95 g=- b=2.0]
[18:04:51] [Poll] 🔄 Track check via AppleScript — reason: identity heartbeat (5s)
[18:04:51] [ActiveBrightness] idx=13 rowOp=0.999 bright=1.000 dimTier=0.35 eff=0.999 deferred=- occluded=0 loop=1 sinceUnoccluded=-
[18:04:51] [LineGaps] idx=13 anchor=42.0 rows=[11:y=-165.5 h=94.0 s=0.95 g=11.0 b=1.5][12:y=-60.5 h=94.0 s=0.95 g=8.5 b=0.5][13:y=42.0 h=99.0 s=1.00 g=8.4 b=0.0][14:y=149.4 h=94.0 s=0.95 g=10.9 b=0.5][15:y=254.4 h=94.0 s=0.95 g=10.2 b=1.5][16:y=358.6 h=67.5 s=0.95 g=- b=2.0]
[18:04:53] [ActiveBrightness] idx=14 rowOp=0.999 bright=1.000 dimTier=0.35 eff=0.999 deferred=- occluded=0 loop=1 sinceUnoccluded=-
[18:04:53] [LineGaps] idx=14 anchor=42.0 rows=[12:y=-165.5 h=94.0 s=0.95 g=10.9 b=1.5][13:y=-60.5 h=94.0 s=0.95 g=8.5 b=0.5][14:y=42.0 h=99.0 s=1.00 g=8.4 b=0.0][15:y=149.4 h=94.0 s=0.95 g=10.2 b=0.5][16:y=253.6 h=67.5 s=0.95 g=10.1 b=1.5][17:y=331.2 h=94.0 s=0.95 g=- b=2.0]
[18:04:56] [ActiveBrightness] idx=15 rowOp=0.999 bright=1.000 dimTier=0.35 eff=0.999 deferred=- occluded=0 loop=1 sinceUnoccluded=-
[18:04:56] [LineGaps] idx=15 anchor=42.0 rows=[13:y=-165.5 h=94.0 s=0.95 g=10.9 b=1.5][14:y=-60.5 h=94.0 s=0.95 g=8.5 b=0.5][15:y=42.0 h=99.0 s=1.00 g=7.7 b=0.0][16:y=148.7 h=67.5 s=0.95 g=10.2 b=0.5][17:y=226.3 h=94.0 s=0.95 g=10.8 b=1.5][18:y=331.2 h=94.0 s=0.95 g=- b=2.0]
[18:04:57] [Poll] 🔄 Track check via AppleScript — reason: identity heartbeat (5s)
[18:04:59] [ActiveBrightness] idx=16 rowOp=0.999 bright=1.000 dimTier=0.35 eff=0.999 deferred=- occluded=0 loop=1 sinceUnoccluded=-
[18:04:59] [LineGaps] idx=16 anchor=42.0 rows=[14:y=-165.5 h=94.0 s=0.95 g=10.9 b=1.5][15:y=-60.5 h=94.0 s=0.95 g=8.5 b=0.5][16:y=42.0 h=71.0 s=1.00 g=8.4 b=0.0][17:y=121.4 h=94.0 s=0.95 g=10.9 b=0.5][18:y=226.4 h=94.0 s=0.95 g=11.5 b=1.5][19:y=331.9 h=120.6 s=0.95 g=- b=2.0]
[18:05:02] [ActiveBrightness] idx=17 rowOp=0.999 bright=1.000 dimTier=0.35 eff=0.999 deferred=- occluded=0 loop=1 sinceUnoccluded=-
[18:05:02] [LineGaps] idx=17 anchor=42.0 rows=[15:y=-137.5 h=94.0 s=0.95 g=10.3 b=1.5][16:y=-33.2 h=67.5 s=0.95 g=7.8 b=0.5][17:y=42.0 h=99.0 s=1.00 g=8.4 b=0.0][18:y=149.4 h=94.0 s=0.95 g=11.6 b=0.5][19:y=255.1 h=120.6 s=0.95 g=10.9 b=1.5][20:y=386.6 h=67.5 s=0.95 g=- b=2.0]
[18:05:02] [LineGaps] phase=manualStart idx=17 anchor=42.0 rows=[15:y=-137.5 h=94.0 s=0.95 g=10.3 b=0.0][16:y=-33.2 h=67.5 s=0.95 g=10.2 b=0.0][17:y=44.5 h=94.0 s=0.95 g=10.9 b=0.0][18:y=149.5 h=94.0 s=0.95 g=11.7 b=0.0][19:y=255.2 h=120.6 s=0.95 g=10.9 b=0.0][20:y=386.8 h=67.5 s=0.95 g=- b=0.0]
[18:05:05] [QueuePreload] checkQueueHashAndRefresh reason=timer:30s
[18:05:05] [PlayerState] 📊 track='Private Beach' pid='4502141B71B52120' dur=335.79998779296875 changed=false curPID='4502141B71B52120'
[18:05:07] [ActiveBrightness] idx=16 rowOp=0.999 bright=1.000 dimTier=0.35 eff=0.999 deferred=- occluded=0 loop=1 sinceUnoccluded=-
[18:05:07] [Poll] 🔄 Track check via AppleScript — reason: identity heartbeat (5s)
[18:05:07] [LineGaps] idx=16 anchor=42.0 rows=[14:y=-165.5 h=94.0 s=0.95 g=10.9 b=1.5][15:y=-60.5 h=94.0 s=0.95 g=8.5 b=0.5][16:y=42.0 h=71.0 s=1.00 g=8.4 b=0.0][17:y=121.4 h=94.0 s=0.95 g=10.9 b=0.5][18:y=226.3 h=94.0 s=0.95 g=11.5 b=1.5][19:y=331.9 h=120.6 s=0.95 g=- b=2.0]
[18:05:08] [LineGaps] phase=manualStart idx=16 anchor=42.0 rows=[14:y=-165.5 h=94.0 s=0.95 g=11.0 b=0.0][15:y=-60.5 h=94.0 s=0.95 g=10.2 b=0.0][16:y=43.8 h=67.5 s=0.95 g=10.2 b=0.0][17:y=121.5 h=94.0 s=0.95 g=11.0 b=0.0][18:y=226.5 h=94.0 s=0.95 g=11.7 b=0.0][19:y=332.2 h=120.6 s=0.95 g=- b=0.0]
[18:05:10] [LineGaps] phase=manualStart idx=14 anchor=42.0 rows=[12:y=-165.5 h=94.0 s=0.95 g=11.0 b=0.0][13:y=-60.5 h=94.0 s=0.95 g=11.0 b=0.0][14:y=44.5 h=94.0 s=0.95 g=10.9 b=0.0][15:y=149.5 h=94.0 s=0.95 g=10.3 b=0.0][16:y=253.8 h=67.5 s=0.95 g=10.2 b=0.0][17:y=331.5 h=94.0 s=0.95 g=- b=0.0]
[18:05:14] [ActiveBrightness] idx=14 rowOp=0.999 bright=0.000 dimTier=0.35 eff=0.000 deferred=- occluded=0 loop=1 sinceUnoccluded=-
[18:05:14] [LineGaps] idx=14 anchor=42.0 rows=[12:y=-165.5 h=94.0 s=0.95 g=10.9 b=1.5][13:y=-60.5 h=94.0 s=0.95 g=8.5 b=0.5][14:y=42.0 h=99.0 s=1.00 g=8.4 b=0.0][15:y=149.4 h=94.0 s=0.95 g=10.2 b=0.5][16:y=253.6 h=67.5 s=0.95 g=10.1 b=1.5][17:y=331.2 h=94.0 s=0.95 g=- b=2.0]
[18:05:15] [Poll] 🔄 Track check via AppleScript — reason: identity heartbeat (5s)
[18:05:16] [QueuePreload] queueMayHaveChanged notification=com.apple.Music.playerInfo
[18:05:16] [Timing] 🔴 POLL DELAY: queueWait=0ms sbRead=68.0ms pos=88.69
[18:05:16] [QueuePreload] queueMayHaveChanged notification=com.apple.Music.playerInfo
[18:05:17] [QueuePreload] checkQueueHashAndRefresh reason=notification:com.apple.Music.playerInfo
[18:05:17] [QueuePreload] checkQueueHashAndRefresh reason=notification:com.apple.Music.playerInfo
[18:05:17] [ActiveBrightness] idx=15 rowOp=0.999 bright=0.000 dimTier=0.35 eff=0.000 deferred=- occluded=0 loop=1 sinceUnoccluded=-
[18:05:17] [LineGaps] idx=15 anchor=42.0 rows=[13:y=-165.5 h=94.0 s=0.95 g=10.9 b=1.5][14:y=-60.5 h=94.0 s=0.95 g=8.5 b=0.5][15:y=42.0 h=99.0 s=1.00 g=7.7 b=0.0][16:y=148.7 h=67.5 s=0.95 g=10.2 b=0.5][17:y=226.3 h=94.0 s=0.95 g=10.8 b=1.5][18:y=331.2 h=94.0 s=0.95 g=- b=2.0]
[18:05:34] [Poll] ⏳ pollPositionViaSB timed out — skipping cycle, preserving state
[18:05:35] [PlayerState] 📊 track='Private Beach' pid='4502141B71B52120' dur=335.799987792969 changed=false curPID='4502141B71B52120'
[18:05:35] [QueuePreload] checkQueueHashAndRefresh reason=timer:30s
[18:05:35] [PlayerState] 📊 track='Private Beach' pid='4502141B71B52120' dur=335.799987792969 changed=false curPID='4502141B71B52120'
[18:06:00] [LineGaps] phase=manualStart idx=15 anchor=42.0 rows=[13:y=-165.5 h=94.0 s=0.95 g=11.0 b=0.0][14:y=-60.5 h=94.0 s=0.95 g=11.0 b=0.0][15:y=44.5 h=94.0 s=0.95 g=10.2 b=0.0][16:y=148.8 h=67.5 s=0.95 g=10.2 b=0.0][17:y=226.5 h=94.0 s=0.95 g=11.0 b=0.0][18:y=331.5 h=94.0 s=0.95 g=- b=0.0]
[18:06:02] [QueuePreload] queueMayHaveChanged notification=com.apple.Music.playerInfo
[18:06:02] [Poll] 🔄 Track check via AppleScript — reason: identity heartbeat (5s)
[18:06:03] [QueuePreload] checkQueueHashAndRefresh reason=notification:com.apple.Music.playerInfo
[18:06:03] [Artwork] 🎵 Track changed: Kaze - Minako Yoshida
[18:06:03] [Artwork] 🎨 fetchArtwork: Kaze - Minako Yoshida gen=9
[18:06:03] [Artwork] 🎨 Cache MISS, starting concurrent fetch (SB + API in parallel)...
[18:06:03] [Artwork] 🎨 Cache MISS, retaining previous artwork until replacement is ready
[18:06:03] [Artwork] 🎨 [SB] Starting ScriptingBridge fetch...
[18:06:03] [LyricsService] 🚀 fetchLyrics START: 'Kaze' by 'Minako Yoshida' dur=412.0 album='LIGHT'N UP' (forceRefresh=false, curSongID='private beach|meiko nakahara|303 east 60th street|335', curDur=335.0, curAlbum='303 East 60th Street')
[18:06:03] [LyricsService] 🔄 Starting async lyrics fetch...
[18:06:03] [LyricsFetch] fetchAllSources caller=foreground songID='kaze|minako yoshida|lightn up|412' album='LIGHT'N UP' dur=412.0
[18:06:03] [LyricsFetcher.swift:668] 🚀 fetchAllSources START: 'Kaze' by 'Minako Yoshida' (412s) album='LIGHT'N UP'
[18:06:03] [QQMusic] 🔍 搜索: 'Kaze' by 'Minako Yoshida' (412s) album='LIGHT'N UP'
[18:06:03] [AMLL] 🔍 请求: 'Kaze' by 'Minako Yoshida' (412s)
[18:06:03] [NetEase] 🔍 搜索: 'Kaze' by 'Minako Yoshida' (412s) album='LIGHT'N UP'
[18:06:03] [LyricsFetcher.swift:988] ⚡ Branch-2 native artist alias foreground: 'Kaze' by 'Minako Yoshida'
[18:06:03] [QQMusic] 🔑 关键词: ["kaze Minako Yoshida", "kaze light\'n up", "kaze light\'n up Minako Yoshida", "light\'n up Minako Yoshida", "Minako Yoshida", "kaze"]
[18:06:03] [QQMusic] 🔎 title+artist: 'kaze Minako Yoshida'
[18:06:03] [NetEase] 🔑 关键词: ["kaze Minako Yoshida", "kaze light\'n up", "kaze light\'n up Minako Yoshida", "light\'n up Minako Yoshida", "Minako Yoshida"]
[18:06:03] [NetEase] 🔎 title+artist: 'kaze Minako Yoshida'
[18:06:03] [Artwork] 🎨 [SB] SUCCESS! Got image (600.0, 600.0)
[18:06:04] [LyricsService] ⏭️ Skipping duplicate fetch: 'kaze|minako yoshida|lightn up|412' (currentSongID='kaze|minako yoshida|lightn up|412')
[18:06:04] [NetEase] 🔗 CJK artist resolve: 'Minako Yoshida' → ["吉田美奈子"]
[18:06:04] [NetEase] 📦 title+artist: 20 个候选
[18:06:04] [NetEase] 🎯 候选: 
[18:06:04] [NetEase] 🔎 title+artist: 'kaze Minako Yoshida'
[18:06:04] [NetEase] 🔎 alias+title:吉田美奈子: 'kaze 吉田美奈子'
[18:06:04] [NetEase] 🔎 title+album: 'kaze light'n up'
[18:06:04] [NetEase] 🔎 title+album+artist: 'kaze light'n up Minako Yoshida'
[18:06:04] [NetEase] 🔎 album+artist: 'light'n up Minako Yoshida'
[18:06:04] [NetEase] 🔎 artist only: 'Minako Yoshida'
[18:06:04] [MetadataResolver] 🇨🇳 CN 搜索开始: 'Kaze' by 'Minako Yoshida' (412s)
[18:06:04] [MetadataResolver] 🌏 inferRegions: 'Kaze' by 'Minako Yoshida' → ["JP", "KR", "HK", "TW"]
[18:06:04] [Artwork] 🎨 [iTunes API] 命中: album='LIGHT'N UP' (目标='LIGHT'N UP') via 'Kaze Minako Yoshida'
[18:06:04] [Artwork] 🎨 [API] SUCCESS! Got iTunes image (300.0, 300.0)
[18:06:04] [Artwork] 🎨 [iTunes] Apple artwork already applied for gen 9, discarding later result
[18:06:04] [QQMusic] 📦 title+artist: 20 个候选
[18:06:04] [QQMusic] 🎯 候选: 
[18:06:04] [QQMusic] 🔎 title+album: 'kaze light'n up'
[18:06:04] [QQMusic] 🔎 title+artist: 'kaze Minako Yoshida'
[18:06:04] [QQMusic] 🔎 alias+title:吉田美奈子: 'kaze 吉田美奈子'
[18:06:04] [QQMusic] 🔎 title only: 'kaze'
[18:06:04] [QQMusic] 🔎 artist only: 'Minako Yoshida'
[18:06:04] [QQMusic] 🔎 album+artist: 'light'n up Minako Yoshida'
[18:06:04] [QQMusic] 🔎 title+album+artist: 'kaze light'n up Minako Yoshida'
[18:06:04] [NetEase] 🎯 候选: 
[18:06:04] [LyricsResultSelection.swift:134] 🔬 selectBestResult: 0 results, 0 synced ()
[18:06:04] [LyricsResultSelection.swift:193] 🏆 No trustworthy synced results available: []
[18:06:04] [LRCLIB] 🔍 /get 'Kaze' by 'Minako Yoshida' (412s)
[18:06:04] [LRCLIB] 🔍 /search 'Kaze' by 'Minako Yoshida' (412s)
[18:06:04] [NetEase] 📦 title+album+artist: 1 个候选
[18:06:04] [NetEase] 🎯 候选: 
[18:06:04] [NetEase] 📦 alias+title:吉田美奈子: 20 个候选
[18:06:04] [NetEase] 📦 title+artist: 20 个候选
[18:06:04] [NetEase] 🎯 候选: '風' by '吉田美奈子' alb='LIGHT'N UP' q='alias+title:吉田美奈子' T=true A=true AL=true L=1 Δ0.7s, '恋は流星' by '吉田美奈子' alb='Twilight Zone' q='alias+title:吉田美奈子' T=false A=true AL=false L=4 Δ4.5s
[18:06:04] [NetEase] ✅ P1: '風' by '吉田美奈子' alb='LIGHT'N UP' q='alias+title:吉田美奈子' AL=true L=1 Δ0.7s
[18:06:04] [NetEase] ⚡ Fast exact match via 'alias+title:吉田美奈子' (albumMatch=true, Δ0.7s)
[18:06:04] [NetEase] ⚠️ title+album HTTP error: Error Domain=NSURLErrorDomain Code=-999 "cancelled" UserInfo={NSErrorFailingURLStringKey=https://music.163.com/api/search/get?s=kaze%20light'n%20up&type=1&limit=20, NSErrorFailingURLKey=https://music.163.com/api/search/get?s=kaze%20light'n%20up&type=1&limit=20, _NSURLErrorRelatedURLSessionTaskErrorKey=(
    "LocalDataTask <10D358C8-E8B9-4104-ABF9-61797FC433A1>.<567>"
), _NSURLErrorFailingURLSessionTaskErrorKey=LocalDataTask <10D358C8-E8B9-4104-ABF9-61797FC433A1>.<567>, NSLocalizedDescription=cancelled}
[18:06:04] [NetEase] ⚠️ album+artist HTTP error: Error Domain=NSURLErrorDomain Code=-999 "cancelled" UserInfo={NSErrorFailingURLStringKey=https://music.163.com/api/search/get?s=light'n%20up%20Minako%20Yoshida&limit=20&type=1, NSErrorFailingURLKey=https://music.163.com/api/search/get?s=light'n%20up%20Minako%20Yoshida&limit=20&type=1, _NSURLErrorRelatedURLSessionTaskErrorKey=(
    "LocalDataTask <D36F4C3D-C84C-4892-ABE2-17696F1A0022>.<570>"
), _NSURLErrorFailingURLSessionTaskErrorKey=LocalDataTask <D36F4C3D-C84C-4892-ABE2-17696F1A0022>.<570>, NSLocalizedDescription=cancelled}
[18:06:04] [NetEase] ⚠️ artist only HTTP error: Error Domain=NSURLErrorDomain Code=-999 "cancelled" UserInfo={NSErrorFailingURLStringKey=https://music.163.com/api/search/get?s=Minako%20Yoshida&limit=20&type=1, NSErrorFailingURLKey=https://music.163.com/api/search/get?s=Minako%20Yoshida&limit=20&type=1, _NSURLErrorRelatedURLSessionTaskErrorKey=(
    "LocalDataTask <E65B9727-7FF1-435C-97FB-7B15F2A1C0B5>.<569>"
), _NSURLErrorFailingURLSessionTaskErrorKey=LocalDataTask <E65B9727-7FF1-435C-97FB-7B15F2A1C0B5>.<569>, NSLocalizedDescription=cancelled}
[18:06:04] [NetEase] 🎯 候选: 
[18:06:04] [NetEase] ✅ 找到 songId=22795845 albumMatch=true
[18:06:04] [LRCLIB] ❌ /get error for 'Kaze' by 'Minako Yoshida': notFound
[18:06:04] [QQMusic] 📦 album+artist: 20 个候选
[18:06:04] [NetEase] 🎯 YRC word-level: 27 lines, 27 synced
[18:06:04] [LyricsFetcher.swift:1335] ✅ NetEase: score=100.0, lines=27, albumMatch=true
[18:06:04] [LyricsFetcher.swift:1391] ⚡ Early return: NetEase score=100.0 >= 70 albumMatch=true
[18:06:04] [LyricsFetcher.swift:1670] 🏁 fetchAllSources: 1 results in 1.0s (branch3=false)
[18:06:04] [LRCLIB] ❌ /search error for 'Kaze' by 'Minako Yoshida': Error Domain=NSURLErrorDomain Code=-999 "cancelled" UserInfo={NSErrorFailingURLStringKey=https://lrclib.net/api/search?q=Kaze%20Minako%20Yoshida, NSErrorFailingURLKey=https://lrclib.net/api/search?q=Kaze%20Minako%20Yoshida, _NSURLErrorRelatedURLSessionTaskErrorKey=(
    "LocalDataTask <BBA1A437-CB1E-4DC9-9DFE-8C1B2B52DF48>.<588>"
), _NSURLErrorFailingURLSessionTaskErrorKey=LocalDataTask <BBA1A437-CB1E-4DC9-9DFE-8C1B2B52DF48>.<588>, NSLocalizedDescription=cancelled}
[18:06:04] [QQMusic] ⚠️ title+artist HTTP error: Error Domain=NSURLErrorDomain Code=-999 "cancelled" UserInfo={NSErrorFailingURLStringKey=https://u.y.qq.com/cgi-bin/musicu.fcg, NSErrorFailingURLKey=https://u.y.qq.com/cgi-bin/musicu.fcg, _NSURLErrorRelatedURLSessionTaskErrorKey=(
    "LocalDataTask <1C9B5A95-819C-487C-83BF-557DDBA211C4>.<574>"
), _NSURLErrorFailingURLSessionTaskErrorKey=LocalDataTask <1C9B5A95-819C-487C-83BF-557DDBA211C4>.<574>, NSLocalizedDescription=cancelled}
[18:06:04] [QQMusic] ⚠️ title+album HTTP error: Error Domain=NSURLErrorDomain Code=-999 "cancelled" UserInfo={NSErrorFailingURLStringKey=https://u.y.qq.com/cgi-bin/musicu.fcg, NSErrorFailingURLKey=https://u.y.qq.com/cgi-bin/musicu.fcg, _NSURLErrorRelatedURLSessionTaskErrorKey=(
    "LocalDataTask <99CF1ECB-BF02-43E9-AF18-5DDB75DEE437>.<573>"
), _NSURLErrorFailingURLSessionTaskErrorKey=LocalDataTask <99CF1ECB-BF02-43E9-AF18-5DDB75DEE437>.<573>, NSLocalizedDescription=cancelled}
[18:06:04] [QQMusic] ⚠️ title+album+artist HTTP error: Error Domain=NSURLErrorDomain Code=-999 "cancelled" UserInfo={NSErrorFailingURLStringKey=https://u.y.qq.com/cgi-bin/musicu.fcg, NSErrorFailingURLKey=https://u.y.qq.com/cgi-bin/musicu.fcg, _NSURLErrorRelatedURLSessionTaskErrorKey=(
    "LocalDataTask <33AF65CB-2487-4830-9DD7-326A1BEB2661>.<578>"
), _NSURLErrorFailingURLSessionTaskErrorKey=LocalDataTask <33AF65CB-2487-4830-9DD7-326A1BEB2661>.<578>, NSLocalizedDescription=cancelled}
[18:06:04] [QQMusic] ⚠️ title only HTTP error: Error Domain=NSURLErrorDomain Code=-999 "cancelled" UserInfo={NSErrorFailingURLStringKey=https://u.y.qq.com/cgi-bin/musicu.fcg, NSErrorFailingURLKey=https://u.y.qq.com/cgi-bin/musicu.fcg, _NSURLErrorRelatedURLSessionTaskErrorKey=(
    "LocalDataTask <E529FDD2-6E93-45BC-B96C-915F5DD5D182>.<575>"
), _NSURLErrorFailingURLSessionTaskErrorKey=LocalDataTask <E529FDD2-6E93-45BC-B96C-915F5DD5D182>.<575>, NSLocalizedDescription=cancelled}
[18:06:04] [NetEase] 🔗 CJK artist resolve: 'Minako Yoshida' → ["吉田美奈子"]
[18:06:04] [QQMusic] ⚠️ artist only HTTP error: Error Domain=NSURLErrorDomain Code=-999 "cancelled" UserInfo={NSErrorFailingURLStringKey=https://u.y.qq.com/cgi-bin/musicu.fcg, NSErrorFailingURLKey=https://u.y.qq.com/cgi-bin/musicu.fcg, _NSURLErrorRelatedURLSessionTaskErrorKey=(
    "LocalDataTask <37501EA8-D0FC-4444-BF9A-FF07424D45BA>.<576>"
), _NSURLErrorFailingURLSessionTaskErrorKey=LocalDataTask <37501EA8-D0FC-4444-BF9A-FF07424D45BA>.<576>, NSLocalizedDescription=cancelled}
[18:06:04] [QQMusic] ⚠️ alias+title:吉田美奈子 HTTP error: Error Domain=NSURLErrorDomain Code=-999 "cancelled" UserInfo={NSErrorFailingURLStringKey=https://u.y.qq.com/cgi-bin/musicu.fcg, NSErrorFailingURLKey=https://u.y.qq.com/cgi-bin/musicu.fcg, _NSURLErrorRelatedURLSessionTaskErrorKey=(
    "LocalDataTask <2549344E-5D28-46EB-BC60-C7AE4E5BDE1B>.<579>"
), _NSURLErrorFailingURLSessionTaskErrorKey=LocalDataTask <2549344E-5D28-46EB-BC60-C7AE4E5BDE1B>.<579>, NSLocalizedDescription=cancelled}
[18:06:04] [QQMusic] 🔎 alias artist only:吉田美奈子: '吉田美奈子'
[18:06:04] [QQMusic] ⚠️ alias artist only:吉田美奈子 HTTP error: Error Domain=NSURLErrorDomain Code=-999 "cancelled" UserInfo={NSErrorFailingURLStringKey=https://u.y.qq.com/cgi-bin/musicu.fcg, NSErrorFailingURLKey=https://u.y.qq.com/cgi-bin/musicu.fcg, _NSURLErrorRelatedURLSessionTaskErrorKey=(
    "LocalDataTask <2E30D504-7E5D-4C59-967F-3129A77C7429>.<591>"
), _NSURLErrorFailingURLSessionTaskErrorKey=LocalDataTask <2E30D504-7E5D-4C59-967F-3129A77C7429>.<591>, NSLocalizedDescription=cancelled}
[18:06:04] [QQMusic] 🔎 alias album+artist:吉田美奈子: 'light'n up 吉田美奈子'
[18:06:04] [LyricsResultSelection.swift:134] 🔬 selectBestResult: 1 results, 1 synced (NetEase:synced/100)
[18:06:04] [QQMusic] ⚠️ alias album+artist:吉田美奈子 HTTP error: Error Domain=NSURLErrorDomain Code=-999 "cancelled" UserInfo={NSErrorFailingURLStringKey=https://u.y.qq.com/cgi-bin/musicu.fcg, NSErrorFailingURLKey=https://u.y.qq.com/cgi-bin/musicu.fcg, _NSURLErrorRelatedURLSessionTaskErrorKey=(
    "LocalDataTask <1D0569BE-6EB9-48A0-868B-9C195FBFCB0B>.<592>"
), _NSURLErrorFailingURLSessionTaskErrorKey=LocalDataTask <1D0569BE-6EB9-48A0-868B-9C195FBFCB0B>.<592>, NSLocalizedDescription=cancelled}
[18:06:04] [LyricsResultSelection.swift:219] 🎯 Word-level pre-filter: keeping ["NetEase"], dropping []
[18:06:04] [QQMusic] 🎯 候选: '風' by '吉田美奈子' alb='LIGHT'N UP' q='album+artist' T=true A=true AL=true L=1 Δ0.0s
[18:06:04] [QQMusic] ✅ P1: '風' by '吉田美奈子' alb='LIGHT'N UP' q='album+artist' AL=true L=1 Δ0.0s
[18:06:04] [QQMusic] ⚡ Fast exact match via 'album+artist' (albumMatch=true, Δ0.0s)
[18:06:04] [QQMusic] ✅ 找到 songMid=002zMJ1D29XeaJ albumMatch=true
[18:06:04] [LyricsResultSelection.swift:879] 🏆 Final selection: NetEase (score=100.0, kind=synced)
[18:06:04] [QQMusic] ❌ 获取歌词失败
[18:06:04] [LyricsFetcher.swift:1707] ⏭️ fetchAllSources cancelled before result normalization
[18:06:04] [LyricsFetcher.swift:618] ⚡ apply-on-select: verdict at 1.013s, delivered at 1.013s
[18:06:04] [LyricsService] 📦 Cached: 'kaze|minako yoshida|lightn up|412' (28 lines, unsynced=false)
[18:06:04] [LyricsService] 📋 Applied: 'kaze|minako yoshida|lightn up|412' 28L, firstReal="静かに幕を閉じる日々には", unsynced=false
[18:06:04] [AMLL] ❌ 未命中: 索引无匹配候选 [1023ms]
[18:06:05] [Artwork] 🎨 [PlaybackSession] no matching artwork URL for 'Kaze' by 'Minako Yoshida'
[18:06:05] [MetadataResolver] [HK] 搜索 'Kaze Minako Yoshida' 返回 3 条
[18:06:05] [MetadataResolver] [KR] 搜索 'Kaze Minako Yoshida' 无结果
[18:06:05] [MetadataResolver] [JP] 搜索 'Kaze Minako Yoshida' 返回 12 条
[18:06:05] [MetadataResolver] [TW] 搜索 'Kaze Minako Yoshida' 返回 3 条
[18:06:05] [MetadataResolver] 💿 album scoped resolve: 'Kaze'/'LIGHT'N UP' → '風'/'LIGHT'N UP' by 'Minako Yoshida' (HK, Δ0.60s)
[18:06:05] [QueuePreload] checkQueueHashAndRefresh reason=timer:30s
[18:06:05] [Timing] 📐 DRIFT CORRECTION: drift=-0.70s polled=0.88 interpolated=1.59
[18:06:05] [QueuePreload] checkQueueHash CHANGED reason=timer:30s 'Midnight Highway ‘86:97:4502141B71B52120' -> 'Midnight Highway ‘86:97:F6B6D49A449F49DD' -> fetchUpNextQueue()
[18:06:05] [Playback] ⚠️ Apple Music recent tracks failed: Failed to request developer token
[18:06:05] [PlayerState] 📊 track='Kaze' pid='F6B6D49A449F49DD' dur=412.6000061035156 changed=false curPID='F6B6D49A449F49DD'
[18:06:05] [MetadataResolver] 🇨🇳 [CN] 搜索 'Kaze Minako Yoshida' 无结果
[18:06:05] [Playback] 🔍 [getUpNextTracksFromApp] outcome=success(playlistName: Optional("Midnight Highway ‘86")) playlistName=Midnight Highway ‘86 kind=Apple Music AAC audio file trackCount=97
[18:06:05] [QueuePreload] fetchUpNextViaBridge outcome=success(playlistName: Optional("Midnight Highway ‘86")) didChange=true currentTrack='Kaze' tracks=["Communication (2012 Remastered)|album=\'Communication (+3) [2012 Remastered]\'|dur=302.0929870605469", "Pay Day|album=\'Vitamin Epo\'|dur=283.3599853515625"]
[18:06:05] [QueuePreload] preloadNearbyAssets scheduled currentTrack='Kaze' validTracks=["Communication (2012 Remastered)|album=\'Communication (+3) [2012 Remastered]\'|dur=302.0929870605469", "Pay Day|album=\'Vitamin Epo\'|dur=283.3599853515625"]
[18:06:05] [LineGaps] phase=manualStart idx=0 anchor=42.0 rows=[0:y=43.2 h=43.7 s=0.95 g=9.6 b=0.0][1:y=96.5 h=94.0 s=0.95 g=11.5 b=0.0][2:y=202.0 h=114.0 s=0.95 g=10.8 b=0.0][3:y=326.8 h=67.5 s=0.95 g=- b=0.0]
[18:06:06] [QueuePreload] fetchRecentHistoryViaScriptingBridge didChange=true currentTrack='Kaze' tracks=["Harukanaru Rakuen|album=\'michille\'|dur=275.6669921875", "Cloudy na Gogo|album=\'Lotos No Kajitsu\'|dur=276.77301025390625", "Adolescence|album=\'Sotsugyoukinen, Vol. 2\'|dur=275.6400146484375", "Street Dancer|album=\'Wish\'|dur=307.010009765625", "Private Beach|album=\'303 East 60th Street\'|dur=335.79998779296875", "Mayonaka No Shujinkou|album=\'DROPS\'|dur=243.3470001220703", "We\'re All Free / Kage Ni Natte|album=\'The Gallery In My Heart / Kanashii Hodo Otenki\'|dur=332.1759948730469", "Escape|album=\'Joepo 1981Khz\'|dur=254.97300720214844", "Stardust Night|album=\'Free Drink\'|dur=234.7469940185547", "Invisible|album=\'Ampersands\'|dur=325.5679931640625"]
[18:06:06] [QueuePreload] preloadNearbyAssets scheduled currentTrack='Kaze' validTracks=["Harukanaru Rakuen|album=\'michille\'|dur=275.6669921875", "Cloudy na Gogo|album=\'Lotos No Kajitsu\'|dur=276.77301025390625", "Adolescence|album=\'Sotsugyoukinen, Vol. 2\'|dur=275.6400146484375", "Street Dancer|album=\'Wish\'|dur=307.010009765625", "Private Beach|album=\'303 East 60th Street\'|dur=335.79998779296875", "Mayonaka No Shujinkou|album=\'DROPS\'|dur=243.3470001220703", "We\'re All Free / Kage Ni Natte|album=\'The Gallery In My Heart / Kanashii Hodo Otenki\'|dur=332.1759948730469", "Escape|album=\'Joepo 1981Khz\'|dur=254.97300720214844", "Stardust Night|album=\'Free Drink\'|dur=234.7469940185547", "Invisible|album=\'Ampersands\'|dur=325.5679931640625"]
[18:06:06] [MetadataResolver] [KR] 搜索 'Kaze' 无结果
[18:06:06] [MetadataResolver] [TW] 搜索 'Kaze' 返回 30 条
[18:06:06] [MetadataResolver] [TW] 搜索 'Minako Yoshida' 返回 30 条
[18:06:06] [MetadataResolver] [HK] 搜索 'Minako Yoshida' 返回 30 条
[18:06:06] [MetadataResolver] [JP] 搜索 'Minako Yoshida' 返回 30 条
[18:06:06] [MetadataResolver] [JP] 搜索 'Kaze' 返回 30 条
[18:06:06] [MetadataResolver] [KR] 搜索 'Minako Yoshida' 无结果
[18:06:06] [MetadataResolver] [HK] 搜索 'Kaze' 返回 30 条
[18:06:06] [MetadataResolver] [TW] 候选(romanized→CJK): '風' by 'Minako Yoshida' Δ0.60s
[18:06:06] [MetadataResolver] [TW] romanized→CJK 标题印证: '風' Δ0.60s [1/1]
[18:06:06] [MetadataResolver] [HK] 候选(romanized→CJK): '風' by 'Minako Yoshida' Δ0.60s
[18:06:06] [MetadataResolver] [HK] romanized→CJK 标题印证: '風' Δ0.60s [1/1]
[18:06:06] [MetadataResolver] 🔍 区域结果: '風' by 'Minako Yoshida' (region: TW, Δ0.60s)
[18:06:06] [MetadataResolver] 🔍 区域结果: '風' by 'Minako Yoshida' (region: HK, Δ0.60s)
[18:06:06] [MetadataResolver] 🇨🇳 [CN] 搜索 'Minako Yoshida' 无结果
[18:06:06] [MetadataResolver] 🇨🇳 [CN] 搜索 'Kaze' 无结果
[18:06:06] [MetadataResolver] 🌏 多区域解析: '風' by 'Minako Yoshida' (region: TW, Δ0.60s)
[18:06:06] [MetadataResolver] ✅ 罗马字→CJK 优先多区域: '風' by 'Minako Yoshida'
[18:06:07] [QueuePreload] preloadNextSongs SKIPPED (native lyrics renderer active on lyrics page) currentTrack='Kaze'
[18:06:07] [Playback] 🔍 [getUpNextTracksFromApp] outcome=success(playlistName: Optional("Midnight Highway ‘86")) playlistName=Midnight Highway ‘86 kind=Apple Music AAC audio file trackCount=97
[18:06:07] [LineGaps] phase=manualStart idx=7 anchor=42.0 rows=[5:y=-110.2 h=67.5 s=0.95 g=9.5 b=0.0][6:y=-33.2 h=67.5 s=0.95 g=10.8 b=0.0][7:y=45.0 h=114.0 s=0.95 g=12.0 b=0.0][8:y=171.0 h=114.0 s=0.95 g=12.0 b=0.0][9:y=297.0 h=114.0 s=0.95 g=11.5 b=0.0][10:y=422.5 h=94.0 s=0.95 g=- b=0.0]
[18:06:07] [QueuePreload] fetchUpNextViaBridge outcome=success(playlistName: Optional("Midnight Highway ‘86")) didChange=false currentTrack='Kaze' tracks=["Communication (2012 Remastered)|album=\'Communication (+3) [2012 Remastered]\'|dur=302.0929870605469", "Pay Day|album=\'Vitamin Epo\'|dur=283.3599853515625"]
[18:06:07] [Artwork] 🎨 [iTunes API] 全部策略失败: 'Harukanaru Rakuen' by 'KOJIMA MICHIRU'
[18:06:08] [Artwork] 🎨 [iTunes API] 全部策略失败: 'Cloudy na Gogo' by 'Meiko Nakahara'
[18:06:08] [Artwork] 🎨 [iTunes API] 命中: album='Sotsugyoukinen, Vol. 2' (目标='Sotsugyoukinen, Vol. 2') via 'Adolescence Momoko Kikuchi'
[18:06:09] [Artwork] 🎨 [iTunes API] 命中: album='Wish' (目标='Wish') via 'Street Dancer Hiromi Iwasaki'
[18:06:09] [Artwork] 🎨 [NetEase] 命中: 'Street Dancer' al='WISH'
[18:06:10] [QueuePreload] queueMayHaveChanged notification=com.apple.Music.playerInfo
[18:06:10] [Timing] 🔴 POLL DELAY: queueWait=0ms sbRead=74.2ms pos=47.57
[18:06:10] [QueuePreload] queueMayHaveChanged notification=com.apple.Music.playerInfo
[18:06:11] [QueuePreload] checkQueueHashAndRefresh reason=notification:com.apple.Music.playerInfo
[18:06:11] [QueuePreload] checkQueueHashAndRefresh reason=notification:com.apple.Music.playerInfo
[18:06:35] [QueuePreload] checkQueueHashAndRefresh reason=timer:30s
[18:06:35] [PlayerState] 📊 track='Kaze' pid='F6B6D49A449F49DD' dur=412.599 changed=false curPID='F6B6D49A449F49DD'
[18:06:40] [Timing] 🔴 POLL DELAY: queueWait=0ms sbRead=65.5ms pos=47.47
[18:06:40] [Poll] 🔄 Track check via AppleScript — reason: identity heartbeat (5s)
[18:06:47] [Poll] 🔄 Track check via AppleScript — reason: identity heartbeat (5s)
[18:06:49] [Timing] 🔴 POLL DELAY: queueWait=0ms sbRead=82.5ms pos=56.43
[18:06:49] [Poll] 🔄 Track check via AppleScript — reason: position jump 56.4s→0.0s
[18:06:49] [Timing] ⏸ VELOCITY PAUSE: polled=0.00 expected=56.43 deficit=56.43s — inferring pause
[18:06:49] [Timing] 🧯 TRANSIENT POSITION RESET: ignored polled=0.00 interpolated=56.43
[18:06:49] [Timing] ⏸ VELOCITY PAUSE: polled=0.00 expected=56.43 deficit=56.43s — inferring pause
[18:06:49] [Timing] 🧯 TRANSIENT POSITION RESET: ignored polled=0.00 interpolated=56.43
[18:06:49] [PlayerState] 📊 track='NOT_PLAYING' pid='' dur=0.0 changed=true curPID='F6B6D49A449F49DD'
[18:06:50] [LyricsService] ⏭️ Ignoring invalid track: 'Not Playing'
[18:06:50] [Artwork] 🎵 Track changed: If You Want It - Niteflyte
[18:06:50] [Artwork] 🎨 fetchArtwork: If You Want It - Niteflyte gen=10
[18:06:50] [Artwork] 🎨 Cache MISS, starting concurrent fetch (SB + API in parallel)...
[18:06:50] [Artwork] 🎨 [SB] Starting ScriptingBridge fetch...
[18:06:50] [LyricsService] 🚀 fetchLyrics START: 'If You Want It' by 'Niteflyte' dur=270.0 album='Niteflyte' (forceRefresh=false, curSongID='kaze|minako yoshida|lightn up|412', curDur=412.0, curAlbum='LIGHT'N UP')
[18:06:50] [LyricsService] 🔄 Starting async lyrics fetch...
[18:06:50] [LyricsFetch] fetchAllSources caller=foreground songID='if you want it|niteflyte|niteflyte|270' album='Niteflyte' dur=270.0
[18:06:50] [LyricsFetcher.swift:668] 🚀 fetchAllSources START: 'If You Want It' by 'Niteflyte' (270s) album='Niteflyte'
[18:06:50] [AMLL] 🔍 请求: 'If You Want It' by 'Niteflyte' (270s)
[18:06:50] [LRCLIB] 🔍 /get 'If You Want It' by 'Niteflyte' (270s)
[18:06:50] [LRCLIB] 🔍 /search 'If You Want It' by 'Niteflyte' (270s)
[18:06:50] [NetEase] 🔍 搜索: 'If You Want It' by 'Niteflyte' (270s) album='Niteflyte'
[18:06:50] [LyricsFetcher.swift:1121] ⚡ Branch-2 library native-title catalog bridge: 'If You Want It' by 'Niteflyte'
[18:06:50] [QQMusic] 🔍 搜索: 'If You Want It' by 'Niteflyte' (270s) album='Niteflyte'
[18:06:50] [LyricsFetcher.swift:1069] ⚡ Branch-2 catalog exact-title foreground: 'If You Want It' album='Niteflyte'
[18:06:50] [NetEase] 🔑 关键词: ["if you want it Niteflyte", "if you want it niteflyte", "if you want it niteflyte Niteflyte", "niteflyte Niteflyte", "Niteflyte"]
[18:06:50] [NetEase] 🔎 title+artist: 'if you want it Niteflyte'
[18:06:50] [QQMusic] 🔑 关键词: ["if you want it Niteflyte", "if you want it niteflyte", "if you want it niteflyte Niteflyte", "niteflyte Niteflyte", "Niteflyte", "if you want it"]
[18:06:50] [QQMusic] 🔎 title+artist: 'if you want it Niteflyte'
[18:06:50] [QQMusic] 📦 title+artist: 0 个候选
[18:06:50] [QQMusic] 🎯 候选: 
[18:06:50] [QQMusic] 🔎 title+artist: 'if you want it Niteflyte'
[18:06:50] [QQMusic] 🔎 title+album: 'if you want it niteflyte'
[18:06:50] [QQMusic] 🔎 album+artist: 'niteflyte Niteflyte'
[18:06:50] [QQMusic] 🔎 artist only: 'Niteflyte'
[18:06:50] [QQMusic] 🔎 title only: 'if you want it'
[18:06:50] [QQMusic] 🔎 title+album+artist: 'if you want it niteflyte Niteflyte'
[18:06:50] [LyricsService] ⏭️ Skipping duplicate fetch: 'if you want it|niteflyte|niteflyte|270' (currentSongID='if you want it|niteflyte|niteflyte|270')
[18:06:50] [LRCLIB] ❌ /get no synced lyrics for 'If You Want It' by 'Niteflyte'
[18:06:50] [Artwork] 🎨 [iTunes API] 命中: album='Niteflyte' (目标='Niteflyte') via 'If You Want It Niteflyte'
[18:06:50] [LRCLIB] ❌ /search no acceptable synced match for 'If You Want It' by 'Niteflyte' (8 rows)
[18:06:50] [QQMusic] 📦 album+artist: 0 个候选
[18:06:50] [QQMusic] 🎯 候选: 
[18:06:50] [QQMusic] 📦 title only: 0 个候选
[18:06:50] [QQMusic] 🎯 候选: 
[18:06:50] [QQMusic] 📦 title+album: 0 个候选
[18:06:50] [QQMusic] 📦 title+artist: 0 个候选
[18:06:50] [QQMusic] 🎯 候选: 
[18:06:50] [QQMusic] 🎯 候选: 
[18:06:50] [QQMusic] 📦 title+album+artist: 0 个候选
[18:06:50] [QQMusic] 🎯 候选: 
[18:06:50] [LyricsFetcher.swift:1335] ✅ Genius: score=16.0, lines=34, albumMatch=false
[18:06:50] [NetEase] 📦 title+artist: 20 个候选
[18:06:50] [QQMusic] 📦 artist only: 0 个候选
[18:06:50] [QQMusic] 🎯 候选: 
[18:06:50] [QQMusic] ❌ 未找到歌曲
[18:06:50] [NetEase] 🎯 候选: 'If You Want It' by 'Niteflyte' alb='Too Slow to Disco Vol.2' q='title+artist' T=true A=true AL=false L=14 Δ1.0s, 'If You Want It' by 'Niteflyte' alb='Niteflyte' q='title+artist' T=true A=true AL=true L=14 Δ1.0s, 'If You Want It' by 'Niteflyte' alb='Soul Culture: 02 Sunshower Sultry Mellow Groove' q='title+artist' T=true A=true AL=false L=14 Δ5.1s, 'If You Want It' by 'Niteflyte' alb='The Masters Series: 70's Soul Vol. 2' q='title+artist' T=true A=true AL=false L=14 Δ7.7s, 'If You Want It' by 'Niteflyte' alb='Heart & Soul' q='title+artist' T=true A=true AL=false L=14 Δ7.7s
[18:06:50] [NetEase] ✅ P1: 'If You Want It' by 'Niteflyte' alb='Niteflyte' q='title+artist' AL=true L=14 Δ1.0s
[18:06:50] [NetEase] ⚡ Preflight exact match via 'title+artist' (albumMatch=true, Δ1.0s)
[18:06:50] [NetEase] ✅ 找到 songId=1299154857 albumMatch=true
[18:06:51] [Artwork] 🎨 [PlaybackSession] Music UI artwork URL hit: https://is1-ssl.mzstatic.com/image/thumb/Music124/v4/af/c6/72/afc67282-c42f-1b99-0f91-98524d3c9801/886443426016.jpg/800x800bb.jpg
[18:06:51] [Artwork] 🎨 [PlaybackSession] Music UI cache hit: https://is1-ssl.mzstatic.com/image/thumb/Music124/v4/af/c6/72/afc67282-c42f-1b99-0f91-98524d3c9801/886443426016.jpg/800x800bb.jpg
[18:06:51] [LyricsFetcher.swift:1335] ✅ lyrics.ovh: score=13.0, lines=44, albumMatch=false
[18:06:51] [LyricsFetcher.swift:1335] ✅ NetEase: score=75.2, lines=69, albumMatch=true
[18:06:51] [AMLL] ❌ 未命中: 索引无匹配候选 [1051ms]
[18:06:51] [Timing] 📐 DRIFT CORRECTION: drift=-0.52s polled=0.57 interpolated=1.09
[18:06:51] [Artwork] 🎨 [API] SUCCESS! Got iTunes image (295.0, 300.0)
[18:06:51] [Artwork] 🎨 [iTunes] Apple artwork already applied for gen 10, discarding later result
[18:06:52] [Playback] ⚠️ Apple Music recent tracks failed: Failed to request developer token
[18:06:52] [Playback] 🔍 [getUpNextTracksFromApp] outcome=noCurrentPlaylist playlistName=nil kind= trackCount=0
[18:06:52] [QueuePreload] fetchUpNextViaBridge outcome=noCurrentPlaylist didChange=true currentTrack='If You Want It' tracks=[]
[18:06:52] [QueuePreload] fetchRecentHistoryViaScriptingBridge didChange=true currentTrack='If You Want It' tracks=[]
[18:06:53] [LyricsFetcher.swift:1665] ⏭️ fetchAllSources cancelled before result normalization
[18:06:53] [LyricsFetcher.swift:1707] ⏭️ fetchAllSources cancelled before result normalization
[18:06:53] [LyricsResultSelection.swift:134] 🔬 selectBestResult: 3 results, 1 synced (Genius:unsynced/16,lyrics.ovh:unsynced/13,NetEase:synced/75)
[18:06:53] [LyricsResultSelection.swift:879] 🏆 Final selection: NetEase (score=75.2, kind=synced)
[18:06:53] [LyricsFetcher.swift:645] ⏱️ fetchAllSources foreground hard deadline reached at 2.949s
[18:06:53] [LyricsResultSelection.swift:134] 🔬 selectBestResult: 3 results, 1 synced (NetEase:synced/75,Genius:unsynced/16,lyrics.ovh:unsynced/13)
[18:06:53] [LyricsResultSelection.swift:879] 🏆 Final selection: NetEase (score=75.2, kind=synced)
[18:06:53] [LyricsService] 📦 Cached: 'if you want it|niteflyte|niteflyte|270' (70 lines, unsynced=false)
[18:06:53] [LyricsService] 📋 Applied: 'if you want it|niteflyte|niteflyte|270' 70L, firstReal="If you want it", unsynced=false
[18:06:53] [LyricsFetcher.swift:1990] 🧭 Authoritative lyrics backfill START: 'If You Want It' by 'Niteflyte'
[18:06:53] [AMLL] 🔍 请求: 'If You Want It' by 'Niteflyte' (270s)
[18:06:53] [LRCLIB] 🔍 /get 'If You Want It' by 'Niteflyte' (270s)
[18:06:53] [LRCLIB] 🔍 /search 'If You Want It' by 'Niteflyte' (270s)
[18:06:53] [QQMusic] 🔍 搜索: 'If You Want It' by 'Niteflyte' (270s) album='Niteflyte'
[18:06:53] [MetadataResolver] ⏭️ English-title gate: skipping CN/localized speculative waves for 'If You Want It' by 'Niteflyte'
[18:06:53] [NetEase] 🔍 搜索: 'If You Want It' by 'Niteflyte' (270s) album='Niteflyte'
[18:06:53] [QQMusic] 🔑 关键词: ["if you want it Niteflyte", "if you want it niteflyte", "if you want it niteflyte Niteflyte", "niteflyte Niteflyte", "Niteflyte", "if you want it"]
[18:06:53] [QQMusic] 🔎 title+artist: 'if you want it Niteflyte'
[18:06:53] [NetEase] 🔑 关键词: ["if you want it Niteflyte", "if you want it niteflyte", "if you want it niteflyte Niteflyte", "niteflyte Niteflyte", "Niteflyte"]
[18:06:53] [NetEase] 🔎 title+artist: 'if you want it Niteflyte'
[18:06:53] [AMLL] ❌ 未命中: 索引无匹配候选 [69ms]
[18:06:53] [QQMusic] 📦 title+artist: 0 个候选
[18:06:53] [QQMusic] 🎯 候选: 
[18:06:53] [QQMusic] 🔎 title+artist: 'if you want it Niteflyte'
[18:06:53] [QQMusic] 🔎 title+album+artist: 'if you want it niteflyte Niteflyte'
[18:06:53] [QQMusic] 🔎 title+album: 'if you want it niteflyte'
[18:06:53] [QQMusic] 🔎 album+artist: 'niteflyte Niteflyte'
[18:06:53] [QQMusic] 🔎 artist only: 'Niteflyte'
[18:06:53] [QQMusic] 🔎 title only: 'if you want it'
[18:06:53] [LRCLIB] ❌ /search no acceptable synced match for 'If You Want It' by 'Niteflyte' (8 rows)
[18:06:53] [LRCLIB] ❌ /get no synced lyrics for 'If You Want It' by 'Niteflyte'
[18:06:53] [NetEase] 📦 title+artist: 20 个候选
[18:06:53] [NetEase] 🎯 候选: 'If You Want It' by 'Niteflyte' alb='Too Slow to Disco Vol.2' q='title+artist' T=true A=true AL=false L=14 Δ1.0s, 'If You Want It' by 'Niteflyte' alb='Niteflyte' q='title+artist' T=true A=true AL=true L=14 Δ1.0s, 'If You Want It' by 'Niteflyte' alb='Soul Culture: 02 Sunshower Sultry Mellow Groove' q='title+artist' T=true A=true AL=false L=14 Δ5.1s, 'If You Want It' by 'Niteflyte' alb='The Masters Series: 70's Soul Vol. 2' q='title+artist' T=true A=true AL=false L=14 Δ7.7s, 'If You Want It' by 'Niteflyte' alb='Heart & Soul' q='title+artist' T=true A=true AL=false L=14 Δ7.7s
[18:06:53] [NetEase] ✅ P1: 'If You Want It' by 'Niteflyte' alb='Niteflyte' q='title+artist' AL=true L=14 Δ1.0s
[18:06:53] [NetEase] ⚡ Preflight exact match via 'title+artist' (albumMatch=true, Δ1.0s)
[18:06:53] [NetEase] ✅ 找到 songId=1299154857 albumMatch=true
[18:06:53] [QQMusic] 📦 title+album+artist: 0 个候选
[18:06:53] [QQMusic] 📦 title+artist: 0 个候选
[18:06:53] [QQMusic] 🎯 候选: 
[18:06:53] [QQMusic] 🎯 候选: 
[18:06:53] [QQMusic] 📦 artist only: 0 个候选
[18:06:53] [QQMusic] 📦 title only: 0 个候选
[18:06:53] [QQMusic] 🎯 候选: 
[18:06:53] [QQMusic] 🎯 候选: 
[18:06:53] [QQMusic] 📦 title+album: 0 个候选
[18:06:53] [QQMusic] 🎯 候选: 
[18:06:53] [QQMusic] 📦 album+artist: 0 个候选
[18:06:53] [QQMusic] 🎯 候选: 
[18:06:53] [QQMusic] ❌ 未找到歌曲
[18:06:54] [MetadataResolver] 💿 album scoped resolve: 'If You Want It'/'Niteflyte' → 'イフ・ユー・ウォント・イット'/'AOR CITY LOVES SUMMER' by 'Niteflyte' (JP, Δ0.93s)
[18:06:54] [LyricsFetcher.swift:2058] 🧭 Authoritative lyrics backfill album-scoped probe: 'イフ・ユー・ウォント・イット' by 'Niteflyte' album='AOR CITY LOVES SUMMER'
[18:06:54] [LRCLIB] 🔍 /get 'イフ・ユー・ウォント・イット' by 'Niteflyte' (270s)
[18:06:54] [LRCLIB] 🔍 /search 'イフ・ユー・ウォント・イット' by 'Niteflyte' (270s)
[18:06:54] [AMLL] 🔍 请求: 'イフ・ユー・ウォント・イット' by 'Niteflyte' (270s)
[18:06:54] [LRCLIB] 🔍 /get 'イフ・ユー・ウォント・イット' by 'Niteflyte' (270s)
[18:06:54] [LRCLIB] 🔍 /search 'イフ・ユー・ウォント・イット' by 'Niteflyte' (270s)
[18:06:54] [QQMusic] 🔍 搜索: 'イフ・ユー・ウォント・イット' by 'Niteflyte' (270s) album='AOR CITY LOVES SUMMER'
[18:06:54] [NetEase] 🔍 搜索: 'イフ・ユー・ウォント・イット' by 'Niteflyte' (270s) album='AOR CITY LOVES SUMMER'
[18:06:54] [QQMusic] 🔑 关键词: ["イフ・ユー・ウォント・イット Niteflyte", "if you want it Niteflyte", "イフ・ユー・ウォント・イット", "イフ・ユー・ウォント・イット aor city loves summer", "イフ・ユー・ウォント・イット aor city loves summer Niteflyte", "aor city loves summer Niteflyte", "Niteflyte", "イフ・ユー・ウォント・イット"]
[18:06:54] [NetEase] 🔑 关键词: ["イフ・ユー・ウォント・イット Niteflyte", "if you want it Niteflyte", "イフ・ユー・ウォント・イット", "イフ・ユー・ウォント・イット aor city loves summer", "イフ・ユー・ウォント・イット aor city loves summer Niteflyte", "aor city loves summer Niteflyte", "Niteflyte"]
[18:06:54] [QQMusic] 🔎 title+artist: 'イフ・ユー・ウォント・イット Niteflyte'
[18:06:54] [NetEase] 🔎 title+artist: 'イフ・ユー・ウォント・イット Niteflyte'
[18:06:54] [AMLL] ❌ 未命中: 索引无匹配候选 [140ms]
[18:06:54] [QQMusic] 📦 title+artist: 0 个候选
[18:06:54] [QQMusic] 🎯 候选: 
[18:06:54] [QQMusic] 🔎 original: 'if you want it Niteflyte'
[18:06:54] [QQMusic] 🔎 title+artist: 'イフ・ユー・ウォント・イット Niteflyte'
[18:06:54] [QQMusic] 🔎 title only: 'イフ・ユー・ウォント・イット'
[18:06:54] [QQMusic] 🔎 title+album+artist: 'イフ・ユー・ウォント・イット aor city loves summer Niteflyte'
[18:06:54] [QQMusic] 🔎 title+album: 'イフ・ユー・ウォント・イット aor city loves summer'
[18:06:54] [QQMusic] 🔎 album+artist: 'aor city loves summer Niteflyte'
[18:06:54] [QQMusic] 🔎 title only: 'イフ・ユー・ウォント・イット'
[18:06:54] [QQMusic] 🔎 artist only: 'Niteflyte'
[18:06:54] [LRCLIB] ❌ /get error for 'イフ・ユー・ウォント・イット' by 'Niteflyte': notFound
[18:06:54] [LRCLIB] ❌ /get error for 'イフ・ユー・ウォント・イット' by 'Niteflyte': notFound
[18:06:55] [NetEase] ⚠️ title+artist: fetchSongs returned nil (parse failure)
[18:06:55] [NetEase] 🔎 title+album: 'イフ・ユー・ウォント・イット aor city loves summer'
[18:06:55] [NetEase] 🔎 original: 'if you want it Niteflyte'
[18:06:55] [NetEase] 🔎 title only: 'イフ・ユー・ウォント・イット'
[18:06:55] [NetEase] 🔎 title+artist: 'イフ・ユー・ウォント・イット Niteflyte'
[18:06:55] [NetEase] 🔎 title+album+artist: 'イフ・ユー・ウォント・イット aor city loves summer Niteflyte'
[18:06:55] [NetEase] 🔎 artist only: 'Niteflyte'
[18:06:55] [NetEase] 🔎 album+artist: 'aor city loves summer Niteflyte'
[18:06:55] [QQMusic] 📦 title+album+artist: 0 个候选
[18:06:55] [QQMusic] 🎯 候选: 
[18:06:55] [QQMusic] 📦 title only: 0 个候选
[18:06:55] [QQMusic] 🎯 候选: 
[18:06:55] [QQMusic] 📦 title only: 0 个候选
[18:06:55] [QQMusic] 📦 title+album: 0 个候选
[18:06:55] [QQMusic] 🎯 候选: 
[18:06:55] [QQMusic] 📦 artist only: 0 个候选
[18:06:55] [QQMusic] 🎯 候选: 
[18:06:55] [QQMusic] 🎯 候选: 
[18:06:55] [LRCLIB] ❌ /search empty for 'イフ・ユー・ウォント・イット' by 'Niteflyte'
[18:06:55] [LRCLIB] ❌ /search empty for 'イフ・ユー・ウォント・イット' by 'Niteflyte'
[18:06:55] [QQMusic] 📦 original: 0 个候选
[18:06:55] [QQMusic] 📦 title+artist: 0 个候选
[18:06:55] [QQMusic] 📦 album+artist: 0 个候选
[18:06:55] [QQMusic] 🎯 候选: 
[18:06:55] [QQMusic] 🎯 候选: 
[18:06:55] [QQMusic] 🎯 候选: 
[18:06:55] [QQMusic] ❌ 未找到歌曲
[18:06:55] [NetEase] ⚠️ title+artist: fetchSongs returned nil (parse failure)
[18:06:55] [NetEase] ⚠️ title+album: fetchSongs returned nil (parse failure)
[18:06:55] [NetEase] 📦 artist only: 20 个候选
[18:06:55] [NetEase] 📦 original: 20 个候选
[18:06:55] [NetEase] 🎯 候选: 'If You Want It' by 'Niteflyte' alb='Too Slow to Disco Vol.2' q='original' T=true A=true AL=false L=14 Δ1.0s, 'If You Want It' by 'Niteflyte' alb='Niteflyte' q='original' T=true A=true AL=false L=14 Δ1.0s, 'If You Want It' by 'Niteflyte' alb='Soul Culture: 02 Sunshower Sultry Mellow Groove' q='original' T=true A=true AL=false L=14 Δ5.1s, 'If You Want It' by 'Niteflyte' alb='The Masters Series: 70's Soul Vol. 2' q='original' T=true A=true AL=false L=14 Δ7.7s, 'If You Want It' by 'Niteflyte' alb='Heart & Soul' q='original' T=true A=true AL=false L=14 Δ7.7s
[18:06:55] [NetEase] ✅ P1: 'If You Want It' by 'Niteflyte' alb='Too Slow to Disco Vol.2' q='original' AL=false L=14 Δ1.0s
[18:06:55] [NetEase] ⚡ Fast exact match via 'original' (albumMatch=false, Δ1.0s)
[18:06:55] [NetEase] ⚠️ title+album+artist HTTP error: Error Domain=NSURLErrorDomain Code=-999 "cancelled" UserInfo={NSErrorFailingURLStringKey=https://music.163.com/api/search/get?limit=20&s=%E3%82%A4%E3%83%95%E3%83%BB%E3%83%A6%E3%83%BC%E3%83%BB%E3%82%A6%E3%82%A9%E3%83%B3%E3%83%88%E3%83%BB%E3%82%A4%E3%83%83%E3%83%88%20aor%20city%20loves%20summer%20Niteflyte&type=1, NSErrorFailingURLKey=https://music.163.com/api/search/get?limit=20&s=%E3%82%A4%E3%83%95%E3%83%BB%E3%83%A6%E3%83%BC%E3%83%BB%E3%82%A6%E3%82%A9%E3%83%B3%E3%83%88%E3%83%BB%E3%82%A4%E3%83%83%E3%83%88%20aor%20city%20loves%20summer%20Niteflyte&type=1, _NSURLErrorRelatedURLSessionTaskErrorKey=(
    "LocalDataTask <28F9D818-BE9F-42C0-845A-C52F9CFED488>.<703>"
), _NSURLErrorFailingURLSessionTaskErrorKey=LocalDataTask <28F9D818-BE9F-42C0-845A-C52F9CFED488>.<703>, NSLocalizedDescription=cancelled}
[18:06:55] [NetEase] ⚠️ title only HTTP error: Error Domain=NSURLErrorDomain Code=-999 "cancelled" UserInfo={NSErrorFailingURLStringKey=https://music.163.com/api/search/get?limit=20&s=%E3%82%A4%E3%83%95%E3%83%BB%E3%83%A6%E3%83%BC%E3%83%BB%E3%82%A6%E3%82%A9%E3%83%B3%E3%83%88%E3%83%BB%E3%82%A4%E3%83%83%E3%83%88&type=1, NSErrorFailingURLKey=https://music.163.com/api/search/get?limit=20&s=%E3%82%A4%E3%83%95%E3%83%BB%E3%83%A6%E3%83%BC%E3%83%BB%E3%82%A6%E3%82%A9%E3%83%B3%E3%83%88%E3%83%BB%E3%82%A4%E3%83%83%E3%83%88&type=1, _NSURLErrorRelatedURLSessionTaskErrorKey=(
    "LocalDataTask <470E2C3F-2402-44F0-B9C8-687514538131>.<701>"
), _NSURLErrorFailingURLSessionTaskErrorKey=LocalDataTask <470E2C3F-2402-44F0-B9C8-687514538131>.<701>, NSLocalizedDescription=cancelled}
[18:06:55] [NetEase] ⚠️ album+artist HTTP error: Error Domain=NSURLErrorDomain Code=-999 "cancelled" UserInfo={NSErrorFailingURLStringKey=https://music.163.com/api/search/get?s=aor%20city%20loves%20summer%20Niteflyte&type=1&limit=20, NSErrorFailingURLKey=https://music.163.com/api/search/get?s=aor%20city%20loves%20summer%20Niteflyte&type=1&limit=20, _NSURLErrorRelatedURLSessionTaskErrorKey=(
    "LocalDataTask <919C9DA5-9416-4D35-A97B-4B19881F55BD>.<705>"
), _NSURLErrorFailingURLSessionTaskErrorKey=LocalDataTask <919C9DA5-9416-4D35-A97B-4B19881F55BD>.<705>, NSLocalizedDescription=cancelled}
[18:06:55] [NetEase] 🎯 候选: 'If You Want It' by 'Niteflyte' alb='Niteflyte' q='artist only' T=true A=true AL=false L=14 Δ1.0s, 'If You Want It' by 'Niteflyte' alb='Soul Culture: 02 Sunshower Sultry Mellow Groove' q='artist only' T=true A=true AL=false L=14 Δ5.1s, 'If You Want It' by 'Niteflyte' alb='The Masters Series: 70's Soul Vol. 2' q='artist only' T=true A=true AL=false L=14 Δ7.7s, 'If You Want It' by 'Niteflyte' alb='Heart & Soul' q='artist only' T=true A=true AL=false L=14 Δ7.7s, 'Alicia's Song' by 'Niteflyte' alb='Niteflyte' q='artist only' T=false A=true AL=false L=13 Δ10.7s
[18:06:55] [NetEase] ✅ P1: 'If You Want It' by 'Niteflyte' alb='Niteflyte' q='artist only' AL=false L=14 Δ1.0s
[18:06:55] [NetEase] ✅ 找到 songId=2662613417 albumMatch=false
[18:06:55] [Poll] 🔄 Track check via AppleScript — reason: identity heartbeat (5s)
[18:06:55] [NetEase] ❌ 获取歌词失败/低质 — trying parallel fallback probes
[18:06:56] [NetEase] 🔁 artist-disco fallback: 5 candidates within ±15s (by title match)
[18:06:56] [NetEase] ✅ fallback hit: id=1299154857 'If You Want It' Δ1.0s 69L
[18:06:56] [NetEase] 🎯 YRC word-level: 60 lines, 60 synced
[18:06:56] [NetEase] ✅ fallback hit: id=3313854513 'If You Want It' Δ5.1s 60L
[18:06:56] [NetEase] 🔁 orphan exact-title fallback: 'If You Want It' by 'Niteflyte' Δ1.0s
[18:06:56] [LyricsResultSelection.swift:134] 🔬 selectBestResult: 1 results, 1 synced (NetEase:synced/100)
[18:06:56] [LyricsResultSelection.swift:219] 🎯 Word-level pre-filter: keeping ["NetEase"], dropping []
[18:06:56] [LyricsResultSelection.swift:879] 🏆 Final selection: NetEase (score=100.0, kind=synced)
[18:06:56] [LyricsResultSelection.swift:134] 🔬 selectBestResult: 2 results, 2 synced (NetEase:synced/75,NetEase:synced/100)
[18:06:56] [LyricsResultSelection.swift:219] 🎯 Word-level pre-filter: keeping ["NetEase"], dropping ["NetEase"]
[18:06:56] [LyricsResultSelection.swift:879] 🏆 Final selection: NetEase (score=100.0, kind=synced)
[18:06:56] [LyricsResultSelection.swift:134] 🔬 selectBestResult: 1 results, 1 synced (NetEase:synced/75)
[18:06:56] [LyricsResultSelection.swift:879] 🏆 Final selection: NetEase (score=75.2, kind=synced)
[18:06:56] [LyricsFetcher.swift:2179] 🧭 Authoritative lyrics backfill persistent candidate preferred: NetEase
[18:06:56] [LyricsFetcher.swift:2257] 🧭 Authoritative lyrics backfill HIT: NetEase 69L in 3.6s
[18:06:56] [LyricsService] 📦 Cached: 'if you want it|niteflyte|niteflyte|270' (70 lines, unsynced=false)
[18:06:56] [LyricsService] 🧊 Display frozen for 'if you want it|niteflyte|niteflyte|270' — cached the result but not replacing shown lyrics (P1, not an upgrade)
[18:07:01] [Poll] 🔄 Track check via AppleScript — reason: identity heartbeat (5s)
[18:07:05] [QueuePreload] checkQueueHashAndRefresh reason=timer:30s
[18:07:05] [PlayerState] 📊 track='If You Want It' pid='8CC068DEC50C3BB1' dur=270.0 changed=false curPID='8CC068DEC50C3BB1'
[18:07:07] [Poll] 🔄 Track check via AppleScript — reason: identity heartbeat (5s)
[18:07:13] [Poll] 🔄 Track check via AppleScript — reason: identity heartbeat (5s)
[18:07:13] [ActiveBrightness] idx=1 rowOp=1.000 bright=0.000 dimTier=0.35 eff=0.000 deferred=- occluded=0 loop=1 sinceUnoccluded=-
[18:07:13] [LineGaps] idx=1 anchor=42.0 rows=[0:y=-8.8 h=43.7 s=0.95 g=7.2 b=0.5][1:y=42.0 h=71.0 s=1.00 g=7.8 b=0.0][2:y=120.8 h=67.5 s=0.95 g=9.5 b=0.5][3:y=197.8 h=67.5 s=0.95 g=9.5 b=1.5][4:y=274.8 h=67.5 s=0.95 g=- b=2.0]
[18:07:16] [ActiveBrightness] idx=2 rowOp=1.000 bright=0.000 dimTier=0.35 eff=0.000 deferred=- occluded=0 loop=1 sinceUnoccluded=-
[18:07:16] [LineGaps] idx=2 anchor=42.0 rows=[0:y=-85.8 h=43.7 s=0.95 g=8.9 b=1.5][1:y=-33.2 h=67.5 s=0.95 g=7.8 b=0.5][2:y=42.0 h=71.0 s=1.00 g=7.8 b=0.0][3:y=120.8 h=67.5 s=0.95 g=9.5 b=0.5][4:y=197.7 h=67.5 s=0.95 g=9.5 b=1.5][5:y=274.7 h=67.5 s=0.95 g=- b=2.0]
[18:07:17] [QueuePreload] queueMayHaveChanged notification=com.apple.Music.playerInfo
[18:07:17] [Artwork] 🎵 Track changed: Natsu to Aki no Good-Luck - RA MU
[18:07:17] [Artwork] 🎨 fetchArtwork: Natsu to Aki no Good-Luck - RA MU gen=11
[18:07:17] [Artwork] 🎨 Cache MISS, starting concurrent fetch (SB + API in parallel)...
[18:07:17] [Artwork] 🎨 Cache MISS, retaining previous artwork until replacement is ready
[18:07:17] [Artwork] 🎨 [SB] Starting ScriptingBridge fetch...
[18:07:17] [LyricsService] 🚀 fetchLyrics START: 'Natsu to Aki no Good-Luck' by 'RA MU' dur=279.0 album='Thanks Giving' (forceRefresh=false, curSongID='if you want it|niteflyte|niteflyte|270', curDur=270.0, curAlbum='Niteflyte')
[18:07:17] [LyricsService] 🔄 Starting async lyrics fetch...
[18:07:17] [LyricsFetch] fetchAllSources caller=foreground songID='natsu to aki no goodluck|ra mu|thanks giving|279' album='Thanks Giving' dur=279.0
[18:07:17] [LyricsFetcher.swift:668] 🚀 fetchAllSources START: 'Natsu to Aki no Good-Luck' by 'RA MU' (279s) album='Thanks Giving'
[18:07:17] [AMLL] 🔍 请求: 'Natsu to Aki no Good-Luck' by 'RA MU' (279s)
[18:07:17] [LRCLIB] 🔍 /search 'Natsu to Aki no Good-Luck' by 'RA MU' (279s)
[18:07:17] [LRCLIB] 🔍 /get 'Natsu to Aki no Good-Luck' by 'RA MU' (279s)
[18:07:17] [NetEase] 🔍 搜索: 'Natsu to Aki no Good-Luck' by 'RA MU' (279s) album='Thanks Giving'
[18:07:17] [LyricsFetcher.swift:1121] ⚡ Branch-2 library native-title catalog bridge: 'Natsu to Aki no Good-Luck' by 'RA MU'
[18:07:17] [LyricsFetcher.swift:1069] ⚡ Branch-2 catalog exact-title foreground: 'Natsu to Aki no Good-Luck' album='Thanks Giving'
[18:07:17] [QQMusic] 🔍 搜索: 'Natsu to Aki no Good-Luck' by 'RA MU' (279s) album='Thanks Giving'
[18:07:17] [NetEase] 🔑 关键词: ["natsu to aki no good-luck RA MU", "natsu to aki no good-luck thanks giving", "natsu to aki no good-luck thanks giving RA MU", "thanks giving RA MU", "RA MU"]
[18:07:17] [NetEase] 🔎 title+artist: 'natsu to aki no good-luck RA MU'
[18:07:17] [QQMusic] 🔑 关键词: ["natsu to aki no good-luck RA MU", "natsu to aki no good-luck thanks giving", "natsu to aki no good-luck thanks giving RA MU", "thanks giving RA MU", "RA MU", "natsu to aki no good-luck"]
[18:07:17] [QQMusic] 🔎 title+artist: 'natsu to aki no good-luck RA MU'
[18:07:17] [Poll] 🔄 Track check via AppleScript — reason: radio backstop (1s)
[18:07:17] [LyricsService] ⏭️ Skipping duplicate fetch: 'natsu to aki no goodluck|ra mu|thanks giving|279' (currentSongID='natsu to aki no goodluck|ra mu|thanks giving|279')
[18:07:17] [Artwork] 🎨 [iTunes API] 命中: album='Thanks Giving' (目标='Thanks Giving') via 'Natsu to Aki no Good-Luck RA MU'
[18:07:17] [LRCLIB] ❌ /search no acceptable synced match for 'Natsu to Aki no Good-Luck' by 'RA MU' (1 rows)
[18:07:17] [LRCLIB] ❌ /get no synced lyrics for 'Natsu to Aki no Good-Luck' by 'RA MU'
[18:07:17] [NetEase] 📦 title+artist: 12 个候选
[18:07:17] [QueuePreload] checkQueueHashAndRefresh reason=notification:com.apple.Music.playerInfo
[18:07:17] [NetEase] 🎯 候选: '夏と秋のGood-Luck' by 'ラ・ムー' alb='Thanks Giving' q='title+artist' T=true A=true AL=true L=13 Δ0.4s, '目明きの目眩' by 'junnos' alb='十月十日' q='title+artist' T=false A=false AL=false L=6 Δ19.6s
[18:07:17] [NetEase] ✅ P1: '夏と秋のGood-Luck' by 'ラ・ムー' alb='Thanks Giving' q='title+artist' AL=true L=13 Δ0.4s
[18:07:17] [NetEase] ⚡ Preflight exact match via 'title+artist' (albumMatch=true, Δ0.4s)
[18:07:17] [NetEase] ✅ 找到 songId=26155417 albumMatch=true
[18:07:17] [QQMusic] 📦 title+artist: 20 个候选
[18:07:17] [QQMusic] 🎯 候选: 'Good Luck' by 'Basement Jaxx / Lisa Kekaula' alb='Now 05 (Australian series)' q='title+artist' T=false A=false AL=false L=9 Δ12.0s
[18:07:17] [QQMusic] ❌ 无匹配
[18:07:17] [QQMusic] 🔎 album+artist: 'thanks giving RA MU'
[18:07:17] [QQMusic] 🔎 artist only: 'RA MU'
[18:07:17] [QQMusic] 🔎 title+album: 'natsu to aki no good-luck thanks giving'
[18:07:17] [QQMusic] 🔎 title only: 'natsu to aki no good-luck'
[18:07:17] [QQMusic] 🔎 title+album+artist: 'natsu to aki no good-luck thanks giving RA MU'
[18:07:17] [QQMusic] 🔎 title+artist: 'natsu to aki no good-luck RA MU'
[18:07:17] [NetEase] 🎯 YRC word-level: 43 lines, 43 synced
[18:07:17] [LyricsFetcher.swift:1335] ✅ NetEase: score=100.0, lines=43, albumMatch=true
[18:07:17] [LyricsFetcher.swift:1391] ⚡ Early return: NetEase score=100.0 >= 70 albumMatch=true
[18:07:17] [LyricsFetcher.swift:1670] 🏁 fetchAllSources: 1 results in 0.7s (branch3=false)
[18:07:17] [QQMusic] ⚠️ title+artist HTTP error: Error Domain=NSURLErrorDomain Code=-999 "cancelled" UserInfo={NSErrorFailingURLStringKey=https://u.y.qq.com/cgi-bin/musicu.fcg, NSErrorFailingURLKey=https://u.y.qq.com/cgi-bin/musicu.fcg, _NSURLErrorRelatedURLSessionTaskErrorKey=(
    "LocalDataTask <8043A8EF-2C57-4BF3-9975-4C2B4900DB07>.<760>"
), _NSURLErrorFailingURLSessionTaskErrorKey=LocalDataTask <8043A8EF-2C57-4BF3-9975-4C2B4900DB07>.<760>, NSLocalizedDescription=cancelled}
[18:07:17] [QQMusic] ⚠️ title+album+artist HTTP error: Error Domain=NSURLErrorDomain Code=-999 "cancelled" UserInfo={NSErrorFailingURLStringKey=https://u.y.qq.com/cgi-bin/musicu.fcg, NSErrorFailingURLKey=https://u.y.qq.com/cgi-bin/musicu.fcg, _NSURLErrorRelatedURLSessionTaskErrorKey=(
    "LocalDataTask <A18EF593-2AD2-4277-9AB6-508F1596ACFF>.<758>"
), _NSURLErrorFailingURLSessionTaskErrorKey=LocalDataTask <A18EF593-2AD2-4277-9AB6-508F1596ACFF>.<758>, NSLocalizedDescription=cancelled}
[18:07:17] [QQMusic] ⚠️ album+artist HTTP error: Error Domain=NSURLErrorDomain Code=-999 "cancelled" UserInfo={NSErrorFailingURLStringKey=https://u.y.qq.com/cgi-bin/musicu.fcg, NSErrorFailingURLKey=https://u.y.qq.com/cgi-bin/musicu.fcg, _NSURLErrorRelatedURLSessionTaskErrorKey=(
    "LocalDataTask <10EDC229-6524-4775-BE4A-77CDA6B4FF9C>.<757>"
), _NSURLErrorFailingURLSessionTaskErrorKey=LocalDataTask <10EDC229-6524-4775-BE4A-77CDA6B4FF9C>.<757>, NSLocalizedDescription=cancelled}
[18:07:17] [QQMusic] ⚠️ artist only HTTP error: Error Domain=NSURLErrorDomain Code=-999 "cancelled" UserInfo={NSErrorFailingURLStringKey=https://u.y.qq.com/cgi-bin/musicu.fcg, NSErrorFailingURLKey=https://u.y.qq.com/cgi-bin/musicu.fcg, _NSURLErrorRelatedURLSessionTaskErrorKey=(
    "LocalDataTask <853DDA9A-7457-4A02-97F2-F732662E5B8E>.<756>"
), _NSURLErrorFailingURLSessionTaskErrorKey=LocalDataTask <853DDA9A-7457-4A02-97F2-F732662E5B8E>.<756>, NSLocalizedDescription=cancelled}
[18:07:17] [QQMusic] ⚠️ title only HTTP error: Error Domain=NSURLErrorDomain Code=-999 "cancelled" UserInfo={NSErrorFailingURLStringKey=https://u.y.qq.com/cgi-bin/musicu.fcg, NSErrorFailingURLKey=https://u.y.qq.com/cgi-bin/musicu.fcg, _NSURLErrorRelatedURLSessionTaskErrorKey=(
    "LocalDataTask <12653B65-21AB-4BB5-83C9-D3A5B6ADF2A0>.<759>"
), _NSURLErrorFailingURLSessionTaskErrorKey=LocalDataTask <12653B65-21AB-4BB5-83C9-D3A5B6ADF2A0>.<759>, NSLocalizedDescription=cancelled}
[18:07:17] [QQMusic] ⚠️ title+album HTTP error: Error Domain=NSURLErrorDomain Code=-999 "cancelled" UserInfo={NSErrorFailingURLStringKey=https://u.y.qq.com/cgi-bin/musicu.fcg, NSErrorFailingURLKey=https://u.y.qq.com/cgi-bin/musicu.fcg, _NSURLErrorRelatedURLSessionTaskErrorKey=(
    "LocalDataTask <A16B3970-04AD-48C8-8FF2-4092F797644D>.<755>"
), _NSURLErrorFailingURLSessionTaskErrorKey=LocalDataTask <A16B3970-04AD-48C8-8FF2-4092F797644D>.<755>, NSLocalizedDescription=cancelled}
[18:07:17] [QQMusic] ❌ 未找到歌曲
[18:07:17] [LyricsResultSelection.swift:134] 🔬 selectBestResult: 1 results, 1 synced (NetEase:synced/100)
[18:07:17] [LyricsResultSelection.swift:219] 🎯 Word-level pre-filter: keeping ["NetEase"], dropping []
[18:07:17] [LyricsResultSelection.swift:879] 🏆 Final selection: NetEase (score=100.0, kind=synced)
[18:07:17] [LyricsFetcher.swift:1707] ⏭️ fetchAllSources cancelled before result normalization
[18:07:17] [LyricsFetcher.swift:618] ⚡ apply-on-select: verdict at 0.744s, delivered at 0.744s
[18:07:17] [LyricsService] 📦 Cached: 'natsu to aki no goodluck|ra mu|thanks giving|279' (44 lines, unsynced=false)
[18:07:17] [LyricsService] 📋 Applied: 'natsu to aki no goodluck|ra mu|thanks giving|279' 44L, firstReal="腕をくむあなたとあの娘", unsynced=false
[18:07:17] [AMLL] ❌ 未命中: 索引无匹配候选 [756ms]
[18:07:17] [Artwork] 🎨 [NetEase] 命中: '夏と秋のGood-Luck' al='Thanks Giving'
[18:07:17] [Artwork] 🎨 [API] SUCCESS! Got iTunes image (300.0, 300.0)
[18:07:18] [Artwork] 🎨 [PlaybackSession] no matching artwork URL for 'Natsu to Aki no Good-Luck' by 'RA MU'
[18:07:19] [Playback] ⚠️ Apple Music recent tracks failed: Failed to request developer token
[18:07:19] [Playback] 🔍 [getUpNextTracksFromApp] outcome=noCurrentPlaylist playlistName=nil kind= trackCount=0
[18:07:19] [QueuePreload] fetchUpNextViaBridge outcome=noCurrentPlaylist didChange=false currentTrack='Natsu to Aki no Good-Luck' tracks=[]
[18:07:19] [QueuePreload] fetchRecentHistoryViaScriptingBridge didChange=false currentTrack='Natsu to Aki no Good-Luck' tracks=[]
[18:07:23] [Poll] 🔄 Track check via AppleScript — reason: identity heartbeat (5s)
[18:07:29] [Poll] 🔄 Track check via AppleScript — reason: identity heartbeat (5s)
[18:07:29] [ActiveBrightness] idx=2 rowOp=1.000 bright=1.000 dimTier=0.35 eff=1.000 deferred=- occluded=0 loop=1 sinceUnoccluded=-
[18:07:29] [LineGaps] idx=2 anchor=42.0 rows=[0:y=-113.8 h=43.7 s=0.95 g=9.6 b=1.5][1:y=-60.5 h=94.0 s=0.95 g=8.5 b=0.5][2:y=42.0 h=71.0 s=1.00 g=8.5 b=0.0][3:y=121.5 h=94.0 s=0.95 g=10.2 b=0.5][4:y=225.7 h=67.5 s=0.95 g=10.2 b=1.5][5:y=303.3 h=94.0 s=0.95 g=- b=2.0]
[18:07:34] [ActiveBrightness] idx=3 rowOp=0.999 bright=1.000 dimTier=0.35 eff=0.999 deferred=- occluded=0 loop=1 sinceUnoccluded=-
[18:07:34] [LineGaps] idx=3 anchor=42.0 rows=[1:y=-137.5 h=94.0 s=0.95 g=10.3 b=1.5][2:y=-33.2 h=67.5 s=0.95 g=7.8 b=0.5][3:y=42.0 h=99.0 s=1.00 g=7.7 b=0.0][4:y=148.7 h=67.5 s=0.95 g=10.2 b=0.5][5:y=226.4 h=94.0 s=0.95 g=10.2 b=1.5][6:y=330.6 h=67.5 s=0.95 g=- b=2.0]
[18:07:35] [QueuePreload] checkQueueHashAndRefresh reason=timer:30s
[18:07:35] [Poll] 🔄 Track check via AppleScript — reason: identity heartbeat (5s)
[18:07:35] [PlayerState] 📊 track='Natsu to Aki no Good-Luck' pid='8CC068DEC50C3BB8' dur=279.0 changed=false curPID='8CC068DEC50C3BB8'
[18:07:39] [ActiveBrightness] idx=4 rowOp=0.999 bright=1.000 dimTier=0.35 eff=0.999 deferred=- occluded=0 loop=1 sinceUnoccluded=-
[18:07:39] [LineGaps] idx=4 anchor=42.0 rows=[2:y=-138.2 h=67.5 s=0.95 g=10.2 b=1.5][3:y=-60.5 h=94.0 s=0.95 g=8.5 b=0.5][4:y=42.0 h=71.0 s=1.00 g=8.4 b=0.0][5:y=121.4 h=94.0 s=0.95 g=10.2 b=0.5][6:y=225.6 h=67.5 s=0.95 g=10.1 b=1.5][7:y=303.2 h=94.0 s=0.95 g=- b=2.0]
[18:07:41] [Poll] 🔄 Track check via AppleScript — reason: identity heartbeat (5s)
[18:07:47] [Poll] 🔄 Track check via AppleScript — reason: identity heartbeat (5s)
[18:07:52] [ActiveBrightness] idx=5 rowOp=0.999 bright=1.000 dimTier=0.35 eff=0.999 deferred=- occluded=0 loop=1 sinceUnoccluded=-
[18:07:53] [LineGaps] idx=5 anchor=42.0 rows=[3:y=-137.5 h=94.0 s=0.95 g=10.3 b=1.5][4:y=-33.2 h=67.5 s=0.95 g=7.8 b=0.5][5:y=42.0 h=99.0 s=1.00 g=7.7 b=0.0][6:y=148.7 h=67.5 s=0.95 g=10.2 b=0.5][7:y=226.4 h=94.0 s=0.95 g=10.2 b=1.5][8:y=330.6 h=67.5 s=0.95 g=- b=2.0]
[18:07:53] [Poll] 🔄 Track check via AppleScript — reason: identity heartbeat (5s)
[18:07:57] [ActiveBrightness] idx=6 rowOp=0.999 bright=1.000 dimTier=0.35 eff=0.999 deferred=- occluded=0 loop=1 sinceUnoccluded=-
[18:07:57] [LineGaps] idx=6 anchor=42.0 rows=[4:y=-138.2 h=67.5 s=0.95 g=10.2 b=1.5][5:y=-60.5 h=94.0 s=0.95 g=8.5 b=0.5][6:y=42.0 h=71.0 s=1.00 g=8.4 b=0.0][7:y=121.4 h=94.0 s=0.95 g=10.2 b=0.5][8:y=225.6 h=67.5 s=0.95 g=10.1 b=1.5][9:y=303.2 h=94.0 s=0.95 g=- b=2.0]
[18:07:59] [Poll] 🔄 Track check via AppleScript — reason: identity heartbeat (5s)
[18:08:02] [ActiveBrightness] idx=7 rowOp=0.999 bright=1.000 dimTier=0.35 eff=0.999 deferred=- occluded=0 loop=1 sinceUnoccluded=-
[18:08:02] [LineGaps] idx=7 anchor=42.0 rows=[5:y=-137.5 h=94.0 s=0.95 g=10.3 b=1.5][6:y=-33.2 h=67.5 s=0.95 g=7.8 b=0.5][7:y=42.0 h=99.0 s=1.00 g=7.7 b=0.0][8:y=148.7 h=67.5 s=0.95 g=10.2 b=0.5][9:y=226.4 h=94.0 s=0.95 g=10.2 b=1.5][10:y=330.6 h=67.5 s=0.95 g=- b=2.0]
[18:08:05] [QueuePreload] checkQueueHashAndRefresh reason=timer:30s
[18:08:05] [Poll] 🔄 Track check via AppleScript — reason: identity heartbeat (5s)
[18:08:05] [PlayerState] 📊 track='Natsu to Aki no Good-Luck' pid='8CC068DEC50C3BB8' dur=279.0 changed=false curPID='8CC068DEC50C3BB8'
[18:08:07] [ActiveBrightness] idx=8 rowOp=0.999 bright=1.000 dimTier=0.35 eff=0.999 deferred=- occluded=0 loop=1 sinceUnoccluded=-
[18:08:07] [LineGaps] idx=8 anchor=42.0 rows=[6:y=-138.2 h=67.5 s=0.95 g=10.2 b=1.5][7:y=-60.5 h=94.0 s=0.95 g=8.5 b=0.5][8:y=42.0 h=71.0 s=1.00 g=8.4 b=0.0][9:y=121.4 h=94.0 s=0.95 g=10.2 b=0.5][10:y=225.6 h=67.5 s=0.95 g=9.4 b=1.5][11:y=302.5 h=67.5 s=0.95 g=- b=2.0]
[18:08:11] [Poll] 🔄 Track check via AppleScript — reason: identity heartbeat (5s)
[18:08:11] [ActiveBrightness] idx=9 rowOp=0.999 bright=1.000 dimTier=0.35 eff=0.999 deferred=- occluded=0 loop=1 sinceUnoccluded=-
[18:08:11] [LineGaps] idx=9 anchor=42.0 rows=[7:y=-137.5 h=94.0 s=0.95 g=10.3 b=1.5][8:y=-33.2 h=67.5 s=0.95 g=7.8 b=0.5][9:y=42.0 h=99.0 s=1.00 g=7.7 b=0.0][10:y=148.7 h=67.5 s=0.95 g=9.5 b=0.5][11:y=225.7 h=67.5 s=0.95 g=9.5 b=1.5][12:y=302.6 h=67.5 s=0.95 g=- b=2.0]
[18:08:16] [ActiveBrightness] idx=10 rowOp=0.999 bright=1.000 dimTier=0.35 eff=0.999 deferred=- occluded=0 loop=1 sinceUnoccluded=-
[18:08:16] [LineGaps] idx=10 anchor=42.0 rows=[8:y=-138.2 h=67.5 s=0.95 g=10.2 b=1.5][9:y=-60.5 h=94.0 s=0.95 g=8.5 b=0.5][10:y=42.0 h=71.0 s=1.00 g=7.7 b=0.0][11:y=120.7 h=67.5 s=0.95 g=9.5 b=0.5][12:y=197.6 h=67.5 s=0.95 g=9.4 b=1.5][13:y=274.5 h=67.5 s=0.95 g=- b=2.0]
[18:08:17] [Poll] 🔄 Track check via AppleScript — reason: identity heartbeat (5s)
[18:08:21] [ActiveBrightness] idx=11 rowOp=0.999 bright=1.000 dimTier=0.35 eff=0.999 deferred=- occluded=0 loop=1 sinceUnoccluded=-
[18:08:21] [LineGaps] idx=11 anchor=42.0 rows=[9:y=-137.5 h=94.0 s=0.95 g=10.3 b=1.5][10:y=-33.2 h=67.5 s=0.95 g=7.8 b=0.5][11:y=42.0 h=71.0 s=1.00 g=7.7 b=0.0][12:y=120.7 h=67.5 s=0.95 g=9.5 b=0.5][13:y=197.7 h=67.5 s=0.95 g=10.2 b=1.5][14:y=275.3 h=94.0 s=0.95 g=- b=2.0]
[18:08:23] [Poll] 🔄 Track check via AppleScript — reason: identity heartbeat (5s)
[18:08:25] [ActiveBrightness] idx=12 rowOp=0.999 bright=1.000 dimTier=0.35 eff=0.999 deferred=- occluded=0 loop=1 sinceUnoccluded=-
[18:08:25] [LineGaps] idx=12 anchor=42.0 rows=[10:y=-110.2 h=67.5 s=0.95 g=9.5 b=1.5][11:y=-33.2 h=67.5 s=0.95 g=7.8 b=0.5][12:y=42.0 h=71.0 s=1.00 g=7.7 b=0.0][13:y=120.7 h=67.5 s=0.95 g=10.2 b=0.5][14:y=198.4 h=94.0 s=0.95 g=10.2 b=1.5][15:y=302.6 h=67.5 s=0.95 g=- b=2.0]
[18:08:29] [Poll] 🔄 Track check via AppleScript — reason: identity heartbeat (5s)
[18:08:32] [ActiveBrightness] idx=13 rowOp=0.999 bright=1.000 dimTier=0.35 eff=0.999 deferred=- occluded=0 loop=1 sinceUnoccluded=-
[18:08:32] [LineGaps] idx=13 anchor=42.0 rows=[11:y=-110.2 h=67.5 s=0.95 g=9.5 b=1.5][12:y=-33.2 h=67.5 s=0.95 g=7.8 b=0.5][13:y=42.0 h=71.0 s=1.00 g=8.4 b=0.0][14:y=121.4 h=94.0 s=0.95 g=10.2 b=0.5][15:y=225.7 h=67.5 s=0.95 g=10.1 b=1.5][16:y=303.3 h=94.0 s=0.95 g=- b=2.0]
[18:08:35] [QueuePreload] checkQueueHashAndRefresh reason=timer:30s
[18:08:35] [Poll] 🔄 Track check via AppleScript — reason: identity heartbeat (5s)
[18:08:35] [PlayerState] 📊 track='Natsu to Aki no Good-Luck' pid='8CC068DEC50C3BB8' dur=279.0 changed=false curPID='8CC068DEC50C3BB8'
[18:08:37] [ActiveBrightness] idx=14 rowOp=0.999 bright=1.000 dimTier=0.35 eff=0.999 deferred=- occluded=0 loop=1 sinceUnoccluded=-
[18:08:37] [LineGaps] idx=14 anchor=42.0 rows=[12:y=-110.2 h=67.5 s=0.95 g=9.5 b=1.5][13:y=-33.2 h=67.5 s=0.95 g=7.8 b=0.5][14:y=42.0 h=99.0 s=1.00 g=7.7 b=0.0][15:y=148.7 h=67.5 s=0.95 g=10.2 b=0.5][16:y=226.4 h=94.0 s=0.95 g=10.9 b=1.5][17:y=331.3 h=94.0 s=0.95 g=- b=2.0]
[18:08:41] [Poll] 🔄 Track check via AppleScript — reason: identity heartbeat (5s)
[18:08:41] [ActiveBrightness] idx=15 rowOp=0.999 bright=1.000 dimTier=0.35 eff=0.999 deferred=- occluded=0 loop=1 sinceUnoccluded=-
[18:08:41] [LineGaps] idx=15 anchor=42.0 rows=[13:y=-138.2 h=67.5 s=0.95 g=10.2 b=1.5][14:y=-60.5 h=94.0 s=0.95 g=8.5 b=0.5][15:y=42.0 h=71.0 s=1.00 g=8.4 b=0.0][16:y=121.4 h=94.0 s=0.95 g=10.9 b=0.5][17:y=226.3 h=94.0 s=0.95 g=10.8 b=1.5][18:y=331.2 h=94.0 s=0.95 g=- b=2.0]
